,date,country_code_a,country_code_b,relations_score,num_verbal_coop,num_material_coop,num_verbal_conf,num_material_conf
0,2022-03-01,AFG,AUS,-3.3649505821183783,0,0,1,2
1,2022-03-01,AFG,BRA,-0.4487351012512958,3,2,3,0
2,2022-03-01,CHE,AFG,0.10791725977254937,0,2,0,0
3,2022-03-01,AFG,CHN,1.7217323917312397,3,0,0,0
4,2022-03-01,AFG,DEU,0.2524602544921461,11,0,0,0
5,2022-03-01,AFG,EUR,0.4248648174731099,2,3,0,0
6,2022-03-01,AFG,GBR,0.23489299619049164,13,2,2,5
7,2022-03-01,HND,AFG,0.40362506407033727,0,4,0,0
8,2022-03-01,AFG,IRN,0.026979314943137343,0,2,2,0
9,2022-03-01,IRQ,AFG,0.37217149037727765,6,1,2,2
10,2022-03-01,AFG,LBY,0.37173157109338517,4,0,0,0
11,2022-03-01,MDV,AFG,-2.634766683741043,4,0,0,3
12,2022-03-01,MMR,AFG,2.979921447227146,1,0,0,0
13,2022-03-01,NZL,AFG,-0.4742587317756679,0,0,0,1
14,2022-03-01,AFG,PAK,0.197784296082722,19,8,0,9
15,2022-03-01,AFG,POL,-0.47585423765369905,9,3,0,3
16,2022-03-01,AFG,PSE,-5.0,0,0,0,2
17,2022-03-01,QAT,AFG,-0.269886089403844,5,0,1,0
18,2022-03-01,AFG,RUS,-0.3849819508775678,20,8,10,7
19,2022-03-01,SAS,AFG,-4.403985389889412,0,0,0,1
20,2022-03-01,AFG,SRB,-5.0,0,0,0,2
21,2022-03-01,SVK,AFG,-1.4346381566604334,0,0,0,2
22,2022-03-01,AFG,SWE,3.7,0,2,0,0
23,2022-03-01,THA,AFG,-0.17986209962091562,0,0,0,2
24,2022-03-01,AFG,TJK,0.8692029220221177,0,2,0,0
25,2022-03-01,AFG,TUR,-9.436417916219295,0,0,0,1
26,2022-03-01,UKR,AFG,-0.2665198018047358,35,5,7,13
27,2022-03-01,AFG,USA,0.3979799638307547,59,22,11,11
28,2022-03-01,VNM,AFG,0.16124796880372708,1,0,0,0
29,2022-03-01,WST,AFG,3.0,0,2,0,0
30,2022-03-01,AFG,YEM,-2.7530344166171283,0,0,0,3
31,2022-03-01,AFR,AGO,0.11145080196728194,4,0,0,0
32,2022-03-01,AIA,AFR,-1.3447071068499756,0,0,0,1
33,2022-03-01,AFR,ARE,0.16243229336704113,5,0,0,1
34,2022-03-01,AUS,AFR,1.1518288818808138,4,3,0,0
35,2022-03-01,BEL,AFR,0.23322152437315555,2,0,0,0
36,2022-03-01,AFR,BFA,1.9980275777008867,2,0,0,0
37,2022-03-01,AFR,BGD,2.0,4,0,0,0
38,2022-03-01,AFR,BWA,0.34509086576503145,9,2,0,0
39,2022-03-01,AFR,CAN,0.0,1,0,0,0
40,2022-03-01,AFR,CHE,0.9195594812246654,5,0,0,0
41,2022-03-01,CHN,AFR,1.0367915180171587,9,2,2,0
42,2022-03-01,CIV,AFR,-2.300811332654219,1,0,0,1
43,2022-03-01,AFR,COG,2.8803924716880154,0,4,0,0
44,2022-03-01,AFR,CYP,1.3984953911239746,2,0,0,0
45,2022-03-01,CZE,AFR,-0.08993104981045781,0,0,2,0
46,2022-03-01,DEU,AFR,0.14059446528417427,4,4,0,2
47,2022-03-01,AFR,DJI,0.19966489438704693,4,0,0,0
48,2022-03-01,AFR,EGY,0.009233765493322466,3,0,0,2
49,2022-03-01,AFR,ERI,1.6626021525943884,5,0,0,0
50,2022-03-01,ETH,AFR,1.0431546781487955,3,1,2,0
51,2022-03-01,AFR,EUR,0.8231108048093996,15,4,1,1
52,2022-03-01,FRA,AFR,1.2328813200869828,5,0,0,2
53,2022-03-01,GBR,AFR,0.15387852248030226,9,1,5,0
54,2022-03-01,AFR,GHA,1.6033785736775052,4,0,0,0
55,2022-03-01,AFR,GIN,0.26331894217588003,5,0,0,0
56,2022-03-01,AFR,GMB,0.0,2,0,0,0
57,2022-03-01,AFR,HUN,0.1957888343596291,8,0,0,0
58,2022-03-01,IRQ,AFR,-3.5999999999999996,0,0,0,2
59,2022-03-01,AFR,ISR,-7.946457192605722,0,0,0,1
60,2022-03-01,AFR,JAM,0.3059541665234351,3,0,0,0
61,2022-03-01,JPN,AFR,1.0955624178491428,4,2,0,0
62,2022-03-01,KEN,AFR,1.9873259903309402,5,3,1,2
63,2022-03-01,AFR,KNA,2.8577223804672993,1,0,0,0
64,2022-03-01,KOR,AFR,3.7,0,2,0,0
65,2022-03-01,AFR,MCO,-0.09485174635513356,2,0,0,1
66,2022-03-01,AFR,MDG,2.485599167342017,1,0,0,0
67,2022-03-01,AFR,MEX,3.5,0,2,0,0
68,2022-03-01,AFR,MLI,-0.5960146101105879,0,0,0,1
69,2022-03-01,MOZ,AFR,-3.0980338312139573,0,0,1,3
70,2022-03-01,MWI,AFR,-0.5209081177424022,1,2,0,2
71,2022-03-01,AFR,NAM,0.32857550180299544,12,0,1,0
72,2022-03-01,AFR,NGA,0.4036804139164952,21,6,5,0
73,2022-03-01,AFR,NMR,-1.1920292202211757,0,0,0,1
74,2022-03-01,NZL,AFR,0.6256294516485532,6,0,0,0
75,2022-03-01,AFR,PHL,0.6320123402194884,2,0,0,0
76,2022-03-01,AFR,POL,0.5479580487057785,11,0,1,0
77,2022-03-01,PRT,AFR,0.16124796880372708,1,0,0,0
78,2022-03-01,AFR,QAT,0.6195901558888538,6,0,0,0
79,2022-03-01,AFR,ROU,-0.6014967954587764,12,5,0,5
80,2022-03-01,RUS,AFR,0.05529234214670309,43,0,12,1
81,2022-03-01,AFR,RWA,1.1731739754633774,3,0,0,0
82,2022-03-01,AFR,SAF,0.3316553866688894,8,0,0,0
83,2022-03-01,AFR,SAS,3.4765750217650035,2,0,0,0
84,2022-03-01,AFR,SAU,2.2589467379845436,3,2,0,0
85,2022-03-01,SDN,AFR,2.979921447227146,1,0,0,0
86,2022-03-01,AFR,SEN,0.132792444897187,2,1,0,0
87,2022-03-01,AFR,SOM,-0.0993307149075715,2,0,0,1
88,2022-03-01,SYC,AFR,0.0,2,0,0,0
89,2022-03-01,TUR,AFR,-0.23712936588783395,0,0,1,0
90,2022-03-01,TZA,AFR,1.7286804124491628,1,8,0,1
91,2022-03-01,AFR,UKR,0.5345859393267105,35,5,15,3
92,2022-03-01,AFR,USA,0.6734339272283082,51,27,8,5
93,2022-03-01,YEM,AFR,-1.6911575513807675,0,0,0,3
94,2022-03-01,ZAF,AFR,-0.11285328022624949,45,13,25,23
95,2022-03-01,AFR,ZMB,-3.0082312725112543,3,0,0,2
96,2022-03-01,AFR,ZWE,0.5186227116587695,3,0,0,3
97,2022-03-01,AGO,BWA,1.1749999999999998,8,0,0,0
98,2022-03-01,CUB,AGO,1.6518206499702768,3,0,0,0
99,2022-03-01,AGO,DJI,1.1749999999999998,8,0,0,0
100,2022-03-01,AGO,KEN,1.1749999999999998,4,0,0,0
101,2022-03-01,AGO,MLT,1.5604200058040008,3,0,0,0
102,2022-03-01,AGO,MOZ,1.1749999999999998,4,0,0,0
103,2022-03-01,AGO,MWI,1.1749999999999998,4,0,0,0
104,2022-03-01,AGO,NGA,-0.5352289474671654,4,0,1,0
105,2022-03-01,AGO,RWA,0.5426771403697137,4,0,1,0
106,2022-03-01,AGO,TZA,1.1749999999999998,4,0,0,0
107,2022-03-01,AGO,UGA,1.1749999999999998,4,0,0,0
108,2022-03-01,AGO,USA,1.1749999999999998,4,0,0,0
109,2022-03-01,ZMB,AGO,0.5738552626641733,2,0,0,0
110,2022-03-01,ALB,BRA,0.08331439759984219,4,0,0,0
111,2022-03-01,EUR,ALB,-1.9866142981514305,0,1,0,0
112,2022-03-01,ALB,FRA,0.061440888771436615,5,0,1,0
113,2022-03-01,ALB,GAB,0.05172511398210023,6,0,0,0
114,2022-03-01,GBR,ALB,-0.10791725977254937,2,0,0,3
115,2022-03-01,ALB,GHA,0.05172511398210023,6,0,0,0
116,2022-03-01,GRC,ALB,-0.16353020784914588,2,0,0,2
117,2022-03-01,NLD,ALB,-4.966535745378576,0,0,0,1
118,2022-03-01,ALB,RUS,-2.5,0,0,2,2
119,2022-03-01,AND,ESP,0.07019029230279884,8,0,2,0
120,2022-03-01,AND,GBR,0.5233940001993392,29,0,0,0
121,2022-03-01,AND,KNA,0.6391414601265024,20,0,0,0
122,2022-03-01,AND,TCD,0.27439408942499094,22,1,0,0
123,2022-03-01,ARE,AUT,0.12590346973464095,4,0,0,0
124,2022-03-01,ARE,BGD,4.616156209680013,3,0,0,0
125,2022-03-01,ARE,CHE,0.9144008326579833,1,0,0,0
126,2022-03-01,ARE,CHN,0.6558444359634169,15,3,0,0
127,2022-03-01,ARE,CYP,0.5822165150881691,2,0,0,0
128,2022-03-01,ARE,DNK,0.81331894217588,5,0,0,0
129,2022-03-01,ARE,EGY,1.1201841171280542,6,0,0,0
130,2022-03-01,ARE,ESP,0.08536657171962021,10,0,2,0
131,2022-03-01,EUR,ARE,0.8259103249851384,3,0,0,0
132,2022-03-01,FRA,ARE,0.40528993487519976,1,0,0,0
133,2022-03-01,ARE,GBR,1.0288527685809108,25,4,0,4
134,2022-03-01,ARE,GIN,0.11145080196728194,4,0,0,0
135,2022-03-01,ARE,IRL,0.6792942809133301,3,0,0,0
136,2022-03-01,ARE,IRN,0.0,5,0,0,0
137,2022-03-01,ARE,ISR,1.8740667808468117,10,0,0,0
138,2022-03-01,ARE,ITA,1.0412703756412929,3,0,0,0
139,2022-03-01,JOR,ARE,0.05395862988627469,1,0,0,0
140,2022-03-01,ARE,KOR,1.0757656854799804,2,0,0,0
141,2022-03-01,ARE,KWT,0.11330758073578537,5,0,0,0
142,2022-03-01,ARE,MDV,1.4461551482112804,6,0,0,0
143,2022-03-01,ARE,MUS,1.3499999999999996,6,0,0,0
144,2022-03-01,MYS,ARE,0.0,3,0,0,0
145,2022-03-01,ARE,OMN,1.5871223090512903,2,1,0,0
146,2022-03-01,PGS,ARE,-0.08993104981045781,0,0,0,2
147,2022-03-01,ARE,PNG,0.0,2,0,0,0
148,2022-03-01,ARE,QAT,0.16666235340044747,5,0,0,0
149,2022-03-01,ARE,RUS,0.7030161040643567,46,0,1,4
150,2022-03-01,ARE,SAS,0.2,1,0,0,0
151,2022-03-01,ARE,SAU,1.6412032637549387,10,0,0,1
152,2022-03-01,ARE,UKR,0.07832320105057956,16,0,1,0
153,2022-03-01,ARE,USA,0.8259103249851384,3,0,0,0
154,2022-03-01,ARG,AUS,6.357165754084578,0,1,0,0
155,2022-03-01,ARG,BRA,0.3177086516297349,6,6,0,0
156,2022-03-01,ARG,CHL,2.565120751297873,5,2,0,0
157,2022-03-01,ARG,ESP,0.5035464069874415,3,0,0,0
158,2022-03-01,ARG,GBR,-0.9123895225294036,8,0,0,1
159,2022-03-01,JOR,ARG,1.7619420266349621,0,3,0,0
160,2022-03-01,ARG,KOR,1.0123753425521982,0,2,0,0
161,2022-03-01,MEX,ARG,0.030576556935555655,2,0,0,0
162,2022-03-01,ARG,PER,1.1920292202211757,0,1,0,0
163,2022-03-01,ARG,PHL,-0.689645636908204,1,1,1,2
164,2022-03-01,ARG,POL,0.5853087159175571,3,0,0,0
165,2022-03-01,RUS,ARG,1.2191344723487008,0,14,0,0
166,2022-03-01,ARG,UKR,0.5853087159175571,3,0,0,0
167,2022-03-01,USA,ARG,0.4923757165633521,11,0,0,0
168,2022-03-01,ARG,VEN,0.07850172085162796,4,0,0,0
169,2022-03-01,AUS,ARM,0.06115311387111131,2,0,0,0
170,2022-03-01,ARM,AZE,0.15999191661133583,28,17,10,29
171,2022-03-01,ARM,BGR,3.1999999999999997,0,2,0,0
172,2022-03-01,CAN,ARM,1.020141490549419,40,6,2,0
173,2022-03-01,ARM,CHE,0.49665357453785763,4,0,0,0
174,2022-03-01,ARM,EGY,0.43900522234946926,0,2,0,0
175,2022-03-01,ARM,EUR,2.538622153428716,2,0,0,0
176,2022-03-01,GBR,ARM,0.16124796880372708,1,0,0,0
177,2022-03-01,ARM,IND,0.2475299199998712,7,0,0,0
178,2022-03-01,ARM,IRN,1.206212444031271,0,6,0,0
179,2022-03-01,ARM,IRQ,0.30352558833642745,0,2,0,0
180,2022-03-01,ARM,LTU,0.9746427600512179,8,0,0,0
181,2022-03-01,ARM,ROU,3.1999999999999997,0,2,0,0
182,2022-03-01,ARM,RUS,0.37002283623129983,19,20,0,7
183,2022-03-01,ARM,SYR,2.4823594292966917,9,0,0,0
184,2022-03-01,ARM,TUR,-1.56969041134282,3,0,2,2
185,2022-03-01,ARM,UKR,0.3810382475092141,11,0,2,0
186,2022-03-01,ARM,USA,0.1241102877224613,1,4,0,3
187,2022-03-01,BGD,ASA,7.946457192605722,2,0,0,0
188,2022-03-01,ATG,BLZ,-0.3891762551796297,2,0,0,0
189,2022-03-01,ATG,ESP,-2.5,0,0,2,0
190,2022-03-01,AUS,BEL,6.357165754084578,0,1,0,0
191,2022-03-01,BGD,AUS,0.18069230395181618,11,0,3,0
192,2022-03-01,BRA,AUS,4.77858287704229,0,2,0,0
193,2022-03-01,AUS,CAN,0.9370452830887286,13,7,0,1
194,2022-03-01,AUS,CHN,-0.02949950355388795,14,9,15,0
195,2022-03-01,COL,AUS,0.6261179012393184,9,0,0,0
196,2022-03-01,AUS,CRI,0.12126438924170957,3,0,0,0
197,2022-03-01,AUS,CUB,0.1758653875391408,3,0,0,0
198,2022-03-01,AUS,CZE,0.6432254009836409,4,0,0,0
199,2022-03-01,AUS,DEU,0.797677700915883,7,0,0,0
200,2022-03-01,DNK,AUS,0.1517627941682137,2,0,0,0
201,2022-03-01,AUS,EGY,0.9525741268224331,2,0,0,0
202,2022-03-01,ESP,AUS,0.08993104981045781,0,2,0,0
203,2022-03-01,AUS,EUR,0.2231750779008892,20,0,0,2
204,2022-03-01,FJI,AUS,0.8651771948352883,12,2,0,2
205,2022-03-01,AUS,FRA,0.9060839184162005,11,0,3,1
206,2022-03-01,AUS,GBR,0.3280657733016164,42,7,2,11
207,2022-03-01,AUS,GHA,0.11135634595233346,5,0,3,2
208,2022-03-01,AUS,GRC,-0.2414855010099899,12,0,0,2
209,2022-03-01,IDN,AUS,0.4192018704336464,8,0,3,0
210,2022-03-01,IND,AUS,0.4250244824713083,4,0,0,2
211,2022-03-01,AUS,IRL,0.13052588957308606,6,0,0,0
212,2022-03-01,AUS,IRN,-0.9085013574836523,1,0,3,0
213,2022-03-01,AUS,ISR,-0.3620635788365246,5,4,0,1
214,2022-03-01,AUS,ITA,0.4693835504022676,17,0,3,0
215,2022-03-01,JOR,AUS,2.1333333333333333,1,2,0,0
216,2022-03-01,AUS,JPN,0.13232516092729582,19,3,0,3
217,2022-03-01,AUS,KHM,0.4616253430896101,10,0,0,0
218,2022-03-01,AUS,KOR,0.06449893641113484,0,5,0,2
219,2022-03-01,AUS,LKA,0.0,2,0,0,0
220,2022-03-01,AUS,MDV,3.2387520311962725,1,0,0,0
221,2022-03-01,MEX,AUS,0.9144008326579833,2,0,0,0
222,2022-03-01,AUS,MLT,1.4912430853525973,8,2,0,0
223,2022-03-01,AUS,MMR,0.6367170079138458,4,0,0,0
224,2022-03-01,AUS,MWI,2.642391233933647,1,0,0,0
225,2022-03-01,MYS,AUS,0.9659122405553117,5,0,0,0
226,2022-03-01,AUS,NGA,0.3059541665234351,3,0,0,0
227,2022-03-01,AUS,NLD,-0.2551155758499255,0,0,1,1
228,2022-03-01,AUS,NRU,0.5775828172539991,17,0,0,0
229,2022-03-01,NZL,AUS,1.0864679897418013,56,3,7,1
230,2022-03-01,AUS,PAK,0.2985837877301237,11,1,0,0
231,2022-03-01,PHL,AUS,0.37910081219751574,3,0,0,0
232,2022-03-01,AUS,PNG,1.1749999999999998,2,0,0,0
233,2022-03-01,AUS,POL,-0.3329212650694843,3,4,0,1
234,2022-03-01,AUS,PRK,-1.1268010859869217,0,0,5,0
235,2022-03-01,AUS,PSE,0.038140559815704383,4,0,0,0
236,2022-03-01,QAT,AUS,-3.973228596302861,0,0,0,1
237,2022-03-01,AUS,RUS,0.006284965054638252,97,24,37,32
238,2022-03-01,AUS,SGP,1.6064076068171536,3,3,1,0
239,2022-03-01,AUS,SWE,3.377244306857432,1,0,0,0
240,2022-03-01,AUS,THA,0.11145080196728194,2,0,0,0
241,2022-03-01,AUS,TON,-0.8783809790101058,3,0,0,2
242,2022-03-01,AUS,TWN,0.32951551558220543,6,0,0,0
243,2022-03-01,AUS,UKR,0.8072191628829821,170,99,34,20
244,2022-03-01,AUS,USA,0.23322357803136473,88,6,8,11
245,2022-03-01,AUS,VNM,0.16731898573892992,5,1,0,0
246,2022-03-01,ZAF,AUS,0.0,1,0,0,0
247,2022-03-01,AUS,ZWE,0.11135860195631705,3,1,0,4
248,2022-03-01,BRA,AUT,-0.23712936588783395,0,0,0,2
249,2022-03-01,CAN,AUT,0.14227761953270035,1,0,0,0
250,2022-03-01,CHE,AUT,1.68406991192737,10,2,0,0
251,2022-03-01,AUT,DEU,1.4653453713515714,9,0,0,0
252,2022-03-01,AUT,EGY,0.6320123402194884,2,0,0,0
253,2022-03-01,AUT,EUR,-0.2857142857142857,5,2,0,0
254,2022-03-01,FRA,AUT,-0.9627305921401597,1,0,1,0
255,2022-03-01,AUT,GBR,-0.9666875583318196,4,0,0,1
256,2022-03-01,GRC,AUT,0.018970349271026716,1,0,0,0
257,2022-03-01,AUT,HUN,-0.35900979686469353,1,0,0,2
258,2022-03-01,AUT,IRN,0.7578730536175494,38,2,0,4
259,2022-03-01,AUT,ISR,2.069873133248023,2,0,0,0
260,2022-03-01,ITA,AUT,0.0,3,0,0,0
261,2022-03-01,AUT,JPN,-0.17986209962091562,0,0,0,2
262,2022-03-01,AUT,NLD,0.04742587317756679,4,0,0,0
263,2022-03-01,NOR,AUT,0.2845552390654007,0,1,0,0
264,2022-03-01,PAK,AUT,1.5,1,0,0,0
265,2022-03-01,AUT,ROU,0.3371399668152018,4,0,0,0
266,2022-03-01,AUT,RUS,0.588894006426132,12,4,2,0
267,2022-03-01,SWE,AUT,0.0,1,0,0,0
268,2022-03-01,AUT,TUR,1.7897389966264388,6,0,0,0
269,2022-03-01,AUT,UKR,0.12404389659182116,7,6,4,2
270,2022-03-01,AUT,USA,0.1529546121390867,33,0,4,2
271,2022-03-01,AZE,CHN,0.734534736210142,1,4,0,0
272,2022-03-01,AZE,EGY,0.1917867998428692,6,0,0,0
273,2022-03-01,AZE,EUR,2.334271800327931,2,0,0,0
274,2022-03-01,AZE,GBR,0.5,4,0,0,0
275,2022-03-01,AZE,HUN,0.6008409488674472,6,0,0,0
276,2022-03-01,AZE,IRN,0.6666503399146039,12,0,0,3
277,2022-03-01,ISR,AZE,-0.990168400125645,4,0,0,3
278,2022-03-01,AZE,KAZ,0.9334372689627998,10,0,0,0
279,2022-03-01,AZE,MDA,0.20699958225215018,8,0,0,0
280,2022-03-01,MEX,AZE,-0.4742587317756679,0,0,0,2
281,2022-03-01,AZE,MUS,0.0,1,0,0,0
282,2022-03-01,AZE,POL,0.20699958225215018,8,0,0,0
283,2022-03-01,AZE,ROU,1.2506307116505855,6,2,0,0
284,2022-03-01,AZE,RUS,1.1693686894685795,29,2,0,0
285,2022-03-01,AZE,SVK,0.6008409488674472,6,0,0,0
286,2022-03-01,AZE,TKM,0.9334372689627998,10,0,0,0
287,2022-03-01,AZE,TUR,1.2240125837557514,3,0,1,0
288,2022-03-01,AZE,UKR,-0.7316420650678418,15,2,5,23
289,2022-03-01,USA,AZE,0.4923685583544693,30,5,0,0
290,2022-03-01,BEL,BGR,3.973228596302861,1,0,0,0
291,2022-03-01,CAN,BEL,4.966535745378576,0,1,0,0
292,2022-03-01,BEL,CHE,3.9999999999999996,4,0,0,0
293,2022-03-01,BEL,COD,-0.2892934777711727,4,0,0,5
294,2022-03-01,BEL,COG,0.33058818713865,10,0,1,1
295,2022-03-01,DEU,BEL,1.596141812210016,4,2,0,0
296,2022-03-01,ESP,BEL,-0.24252877848341914,0,0,3,0
297,2022-03-01,BEL,EUR,0.614070870111509,43,0,7,0
298,2022-03-01,BEL,FRA,0.9522739596863007,13,2,0,0
299,2022-03-01,BEL,GBR,0.4270937437228879,1,0,0,4
300,2022-03-01,HUN,BEL,0.05395862988627469,2,0,0,0
301,2022-03-01,BEL,IRL,0.11856468294391698,4,0,0,0
302,2022-03-01,BEL,ITA,-0.14551726709005147,2,0,3,0
303,2022-03-01,BEL,JPN,1.3410405118919795,7,0,0,0
304,2022-03-01,BEL,NLD,1.0211337967054577,8,0,0,0
305,2022-03-01,BEL,POL,0.5224526576176979,13,0,0,0
306,2022-03-01,BEL,PSE,0.41229892342181246,3,0,0,0
307,2022-03-01,RUS,BEL,-0.22330231571477563,36,5,0,16
308,2022-03-01,BEL,SEN,0.31108476597024665,3,0,0,0
309,2022-03-01,SOM,BEL,0.05395862988627469,2,0,0,0
310,2022-03-01,BEL,UKR,0.5772661755109592,42,0,5,0
311,2022-03-01,BEL,USA,0.10997973498956566,14,1,1,4
312,2022-03-01,BEL,WST,1.5441174940448528,14,0,2,0
313,2022-03-01,CHE,BEN,-0.5506068833234256,0,3,0,0
314,2022-03-01,BEN,GBR,-0.034205648826816835,2,0,0,2
315,2022-03-01,BEN,NGA,1.297690789555971,12,0,0,3
316,2022-03-01,QAT,BFA,0.0,2,0,0,0
317,2022-03-01,USA,BFA,0.3827658434675418,0,3,0,0
318,2022-03-01,BGD,BRA,0.8148837967054575,8,0,0,0
319,2022-03-01,CHN,BGD,1.837618225790073,5,1,0,0
320,2022-03-01,BGD,DEU,0.0,1,0,0,0
321,2022-03-01,DNK,BGD,-0.7847020355370096,1,0,1,0
322,2022-03-01,EUR,BGD,1.9890209250095594,7,1,0,0
323,2022-03-01,BGD,GBR,1.4629133101772118,16,0,0,0
324,2022-03-01,BGD,IDN,1.1012137666468513,6,0,0,0
325,2022-03-01,BGD,IND,0.8877141565920258,15,2,0,2
326,2022-03-01,BGD,MDA,1.3071237112554213,3,2,0,0
327,2022-03-01,BGD,MMR,0.977955359638645,6,1,0,0
328,2022-03-01,BGD,PAK,1.1012137666468513,6,0,0,0
329,2022-03-01,POL,BGD,2.89300052601564,0,6,0,0
330,2022-03-01,BGD,QAT,2.4162529209563317,6,5,0,0
331,2022-03-01,ROU,BGD,2.724695581326501,0,2,0,0
332,2022-03-01,BGD,RUS,3.6939915114403883,4,4,1,0
333,2022-03-01,SAU,BGD,2.718467698707021,0,5,0,0
334,2022-03-01,BGD,SRB,1.1012137666468513,6,0,0,0
335,2022-03-01,THA,BGD,1.5616633936344644,7,1,0,0
336,2022-03-01,BGD,TUR,0.023808907628635353,7,0,0,0
337,2022-03-01,BGD,UKR,0.3313434966345025,6,3,0,3
338,2022-03-01,BGD,USA,1.466187696367957,15,4,1,2
339,2022-03-01,BGD,VNM,1.1012137666468513,6,0,0,0
340,2022-03-01,CAN,BGR,0.15818364727378095,2,0,0,0
341,2022-03-01,BGR,CHE,3.9999999999999996,4,0,0,0
342,2022-03-01,ESP,BGR,1.0,0,4,0,0
343,2022-03-01,BGR,EUR,0.6094683068776876,7,0,0,0
344,2022-03-01,GBR,BGR,-1.4596590798980367,0,1,1,2
345,2022-03-01,BGR,GRC,-1.5720051566928694,0,0,0,8
346,2022-03-01,ITA,BGR,1.9271240916319898,0,3,0,0
347,2022-03-01,BGR,ROU,1.6999999999999997,2,0,0,0
348,2022-03-01,BGR,RUS,-0.176386767901246,18,0,0,6
349,2022-03-01,BGR,SVK,2.8333333333333335,6,0,0,0
350,2022-03-01,BGR,TUR,-1.3973379170603284,1,0,0,8
351,2022-03-01,BGR,UKR,0.08760623892436559,24,1,5,4
352,2022-03-01,USA,BGR,3.973228596302861,2,0,0,0
353,2022-03-01,WST,BGR,0.1308241662793167,2,0,0,0
354,2022-03-01,BHR,CHE,0.6644357163585718,3,0,0,0
355,2022-03-01,BHR,ESP,-0.07913932383320288,0,0,2,0
356,2022-03-01,BHR,GBR,0.9701151139336766,3,0,0,0
357,2022-03-01,BHR,ISR,7.946457192605722,1,0,0,0
358,2022-03-01,JOR,BHR,0.0,1,0,0,0
359,2022-03-01,BHR,USA,3.4765750217650035,2,0,0,0
360,2022-03-01,BHS,DNK,1.0560703633294692,4,0,0,0
361,2022-03-01,GBR,BHS,0.0,1,0,0,0
362,2022-03-01,BHS,JAM,0.8564004565505196,10,0,0,0
363,2022-03-01,BHS,MEX,0.9147192308738966,4,0,0,0
364,2022-03-01,RUS,BHS,-3.088970228085068,0,0,2,0
365,2022-03-01,USA,BHS,0.2538829683700326,10,1,0,0
366,2022-03-01,BIH,EST,-0.17986209962091562,0,0,0,1
367,2022-03-01,BIH,EUR,1.6443510281592217,0,3,0,0
368,2022-03-01,BIH,TUR,5.959842894454292,0,2,0,0
369,2022-03-01,UKR,BIH,-1.6465876833191042,2,0,0,3
370,2022-03-01,CAN,BLR,-1.7692033308608648,0,0,5,2
371,2022-03-01,BLR,CHE,0.2689414213699951,1,0,0,0
372,2022-03-01,BLR,CHN,1.3147493813448834,5,0,0,3
373,2022-03-01,DEU,BLR,1.910064210909846,4,0,0,0
374,2022-03-01,EST,BLR,-0.04861882769994064,9,0,0,0
375,2022-03-01,EUR,BLR,-0.13497027389627564,19,4,8,8
376,2022-03-01,FRA,BLR,4.4920650976872,2,0,0,0
377,2022-03-01,GBR,BLR,-2.0620926971898967,9,0,3,12
378,2022-03-01,BLR,GRC,0.12590346973464095,4,0,0,0
379,2022-03-01,HUN,BLR,-0.17986209962091562,0,0,0,2
380,2022-03-01,BLR,IRL,2.334271800327931,2,0,0,0
381,2022-03-01,BLR,IRN,0.2801268667519763,2,0,0,0
382,2022-03-01,BLR,IRQ,0.42881693398909393,6,0,0,0
383,2022-03-01,BLR,ISR,0.5045194428898633,12,0,0,0
384,2022-03-01,JPN,BLR,-2.2024275332937027,0,0,0,3
385,2022-03-01,KAZ,BLR,-0.1439065829072484,0,0,2,0
386,2022-03-01,LKA,BLR,-0.05738552626641734,2,0,0,0
387,2022-03-01,LTU,BLR,-0.44832671635655463,4,8,0,2
388,2022-03-01,BLR,LVA,-1.4167694979020655,4,0,0,4
389,2022-03-01,BLR,MDA,-2.676006773436512,4,0,4,14
390,2022-03-01,BLR,NZL,0.31108476597024665,3,0,0,0
391,2022-03-01,BLR,POL,0.7789376817489212,76,7,2,4
392,2022-03-01,BLR,RUS,0.2635435999155066,362,53,59,89
393,2022-03-01,BLR,TUR,1.2053157310844833,13,0,0,0
394,2022-03-01,BLR,UKR,0.12131597255214535,323,57,56,142
395,2022-03-01,USA,BLR,0.5528753426609657,22,3,4,3
396,2022-03-01,BLR,WST,-1.5364723633579085,3,0,0,2
397,2022-03-01,COL,BLZ,-0.38727564677279297,4,0,0,1
398,2022-03-01,BLZ,DNK,1.0560703633294692,4,0,0,0
399,2022-03-01,BLZ,JAM,1.0230746975105827,8,0,0,0
400,2022-03-01,BLZ,RUS,0.9933071490757153,2,0,0,0
401,2022-03-01,BLZ,USA,0.44375936499506985,16,0,2,2
402,2022-03-01,BMU,CAN,0.14227761953270035,1,0,0,0
403,2022-03-01,BMU,EUR,-0.09997727711981061,2,0,2,0
404,2022-03-01,BMU,NMR,0.834420454154823,2,0,0,0
405,2022-03-01,BMU,USA,1.2994259509664696,2,1,0,0
406,2022-03-01,BOL,CUB,0.1551753419463007,6,0,0,0
407,2022-03-01,KOR,BOL,-0.5378828427399902,0,1,0,0
408,2022-03-01,USA,BOL,-0.21405466837725115,1,0,0,3
409,2022-03-01,BOL,VEN,0.1551753419463007,6,0,0,0
410,2022-03-01,BRA,CHN,1.1988168520268125,4,5,0,0
411,2022-03-01,BRA,COL,2.098473683552231,3,0,0,0
412,2022-03-01,EUR,BRA,0.9181684202626774,0,2,0,0
413,2022-03-01,BRA,GAB,0.05172511398210023,6,0,0,0
414,2022-03-01,BRA,GBR,2.9571415306389923,2,2,0,0
415,2022-03-01,BRA,GHA,0.05172511398210023,6,0,0,0
416,2022-03-01,IRN,BRA,3.539800596875635,0,3,0,0
417,2022-03-01,BRA,PRT,0.018970349271026716,1,0,0,0
418,2022-03-01,ROU,BRA,2.151531370959961,1,0,0,0
419,2022-03-01,BRA,RUS,0.1253789716939318,11,10,6,3
420,2022-03-01,THA,BRA,0.0,1,0,0,0
421,2022-03-01,BRA,UKR,0.8698997231130385,6,3,0,0
422,2022-03-01,BRA,USA,0.08637118970546903,16,5,0,1
423,2022-03-01,BRB,RUS,0.0,2,0,0,0
424,2022-03-01,BRB,UKR,0.0,1,0,0,0
425,2022-03-01,USA,BRB,0.16124796880372708,1,0,0,0
426,2022-03-01,JPN,BRN,-0.13718913198420912,0,0,2,0
427,2022-03-01,BRN,KHM,0.017986209962091562,1,0,0,0
428,2022-03-01,SEA,BRN,-1.665660702500703,0,1,1,0
429,2022-03-01,BRN,THA,0.017986209962091562,1,0,0,0
430,2022-03-01,BWA,DJI,1.1749999999999998,8,0,0,0
431,2022-03-01,BWA,KEN,1.1749999999999998,4,0,0,0
432,2022-03-01,BWA,MOZ,1.1749999999999998,4,0,0,0
433,2022-03-01,BWA,MWI,1.1749999999999998,4,0,0,0
434,2022-03-01,BWA,RWA,0.4499999999999999,4,0,2,0
435,2022-03-01,BWA,TZA,1.1749999999999998,4,0,0,0
436,2022-03-01,BWA,UGA,1.1749999999999998,4,0,0,0
437,2022-03-01,BWA,USA,1.1749999999999998,4,0,0,0
438,2022-03-01,BWA,ZWE,0.24994319279952654,4,0,0,0
439,2022-03-01,CAN,CHE,-1.3447071068499756,0,0,0,1
440,2022-03-01,CAN,CHN,-0.1726395915432028,5,0,4,0
441,2022-03-01,CUB,CAN,0.0,1,0,0,0
442,2022-03-01,DEU,CAN,0.9912119568647675,12,0,2,0
443,2022-03-01,CAN,DNK,0.44105081148183506,1,1,0,0
444,2022-03-01,CAN,EUR,0.9477702793913183,41,10,7,7
445,2022-03-01,CAN,FRA,0.7113065061277827,17,1,8,0
446,2022-03-01,CAN,GBR,0.4676035669777022,23,2,3,4
447,2022-03-01,CAN,GRC,0.6752378653784985,3,1,0,0
448,2022-03-01,CAN,HTI,0.0,1,0,0,0
449,2022-03-01,CAN,IND,-0.8332400486310021,2,1,0,1
450,2022-03-01,IRL,CAN,1.8658902672010522,4,4,0,0
451,2022-03-01,CAN,ISR,0.07194483984836625,2,0,0,0
452,2022-03-01,CAN,ITA,1.111213254096327,7,0,2,0
453,2022-03-01,CAN,JAM,0.26298054284308714,3,0,0,7
454,2022-03-01,CAN,JOR,-0.004742587317756679,4,0,0,0
455,2022-03-01,JPN,CAN,0.0,1,0,0,0
456,2022-03-01,CAN,KEN,1.625411698487534,11,0,0,0
457,2022-03-01,CAN,KOR,-1.9694234430644444,1,0,0,1
458,2022-03-01,LBN,CAN,0.009485174635513358,4,0,0,0
459,2022-03-01,MCO,CAN,-2.5,0,0,1,0
460,2022-03-01,MDV,CAN,-1.8276464465750122,1,0,0,1
461,2022-03-01,MEX,CAN,0.4453780306923613,22,4,0,3
462,2022-03-01,MYS,CAN,0.13309795371947758,0,2,0,0
463,2022-03-01,CAN,NGA,0.6968531591466592,9,0,0,0
464,2022-03-01,CAN,NMR,-0.1038629040462742,7,0,1,0
465,2022-03-01,CAN,NZL,-0.12599828110237685,4,0,1,0
466,2022-03-01,PHL,CAN,-4.966535745378576,0,0,0,1
467,2022-03-01,CAN,POL,1.0841130318246743,23,0,0,0
468,2022-03-01,CAN,QAT,0.0,1,0,0,0
469,2022-03-01,CAN,RUS,-0.5789963771652552,95,59,88,127
470,2022-03-01,CAN,RWA,0.027799431033916636,3,0,0,0
471,2022-03-01,SAU,CAN,1.1070906710845432,4,1,0,0
472,2022-03-01,CAN,SYR,0.855819051596273,0,7,0,0
473,2022-03-01,TCD,CAN,0.0,1,0,0,0
474,2022-03-01,CAN,THA,-1.211451401490779,4,0,2,5
475,2022-03-01,CAN,UKR,0.9966963982611408,242,90,15,24
476,2022-03-01,CAN,USA,0.7898138159710348,146,19,18,14
477,2022-03-01,CAN,VAT,1.45,6,0,0,0
478,2022-03-01,CAN,WST,0.06906482799494555,3,0,0,0
479,2022-03-01,CAN,ZAF,0.05968535651296652,8,0,0,0
480,2022-03-01,CAS,TKM,2.2385491980327177,2,0,0,0
481,2022-03-01,CHE,CHN,0.16124796880372708,1,0,0,0
482,2022-03-01,CHE,CZE,3.9999999999999996,4,0,0,0
483,2022-03-01,CHE,DEU,1.3687767899617673,13,0,0,0
484,2022-03-01,CHE,DNK,2.6666666666666665,6,0,0,0
485,2022-03-01,CHE,ESP,2.7562744549791938,10,0,0,0
486,2022-03-01,CHE,EUR,0.23796392309167017,41,0,3,12
487,2022-03-01,CHE,FIN,0.2753034416617128,6,0,0,0
488,2022-03-01,CHE,FRA,1.7777777777777777,9,0,0,0
489,2022-03-01,CHE,GBR,0.8548756435797333,11,1,0,0
490,2022-03-01,CHE,GRC,1.8002098498709014,10,0,0,0
491,2022-03-01,CHE,HUN,3.9999999999999996,4,0,0,0
492,2022-03-01,IRL,CHE,-9.525741268224332,0,0,0,2
493,2022-03-01,CHE,IRN,0.9933071490757153,4,0,0,0
494,2022-03-01,CHE,ISL,1.7777777777777777,9,0,0,0
495,2022-03-01,CHE,ITA,2.955326226177694,7,0,0,0
496,2022-03-01,CHE,JPN,2.5021233548311512,8,0,0,0
497,2022-03-01,CHE,KHM,-1.9866142981514305,0,0,1,0
498,2022-03-01,CHE,LKA,0.4860069917346179,9,1,3,2
499,2022-03-01,LTU,CHE,-7.946457192605722,0,0,0,1
500,2022-03-01,CHE,MCO,-3.9999999999999996,0,0,0,2
501,2022-03-01,CHE,NLD,3.9999999999999996,4,0,0,0
502,2022-03-01,CHE,NOR,3.9999999999999996,4,0,0,0
503,2022-03-01,CHE,NZL,1.0042467096623033,4,0,0,0
504,2022-03-01,CHE,OMN,1.6999999999999997,2,0,0,0
505,2022-03-01,CHE,PHL,3.3738135907556703,3,1,0,0
506,2022-03-01,CHE,POL,1.3741125388684554,9,11,0,0
507,2022-03-01,CHE,PRT,3.9999999999999996,4,0,0,0
508,2022-03-01,CHE,ROU,3.9999999999999996,4,0,0,0
509,2022-03-01,RUS,CHE,-0.6627617790152934,102,6,31,69
510,2022-03-01,CHE,SWE,1.7651820649970276,10,0,0,0
511,2022-03-01,CHE,SYR,0.10791725977254937,0,2,0,0
512,2022-03-01,CHE,TUR,0.2859724199241831,4,0,0,0
513,2022-03-01,CHE,TWN,1.0042467096623033,4,0,0,0
514,2022-03-01,CHE,UKR,0.36658829759896633,77,5,11,11
515,2022-03-01,CHE,USA,0.2939925669377276,11,0,7,0
516,2022-03-01,CHE,WST,0.9933071490757153,2,0,0,0
517,2022-03-01,CHL,CHN,0.8425097819916776,5,0,0,0
518,2022-03-01,CHL,COL,3.1139378072302866,4,0,0,0
519,2022-03-01,CHL,CPV,0.0,1,0,0,0
520,2022-03-01,CHL,CRI,3.113937807230287,4,0,0,0
521,2022-03-01,CHL,DOM,3.1139378072302866,4,0,0,0
522,2022-03-01,CHL,ECU,3.113937807230287,4,0,0,0
523,2022-03-01,CHL,ESP,0.8738459234943525,5,0,0,0
524,2022-03-01,CHL,GTM,3.113937807230287,4,0,0,0
525,2022-03-01,CHL,ISR,-0.5960146101105879,1,0,0,1
526,2022-03-01,JPN,CHL,6.357165754084578,0,1,0,0
527,2022-03-01,CHL,MEX,3.113937807230287,4,0,0,0
528,2022-03-01,CHL,PAN,3.113937807230287,4,0,0,0
529,2022-03-01,CHL,PER,1.9577572652470387,8,0,0,0
530,2022-03-01,CHL,PHL,-0.23712936588783395,0,0,1,0
531,2022-03-01,CHL,PRY,3.1139378072302866,4,0,0,0
532,2022-03-01,CHL,RUS,-0.3777542054724617,0,0,5,2
533,2022-03-01,CHL,SEA,5.202100029020005,3,0,0,0
534,2022-03-01,CHL,SVK,-2.0,0,0,1,0
535,2022-03-01,CHL,TUR,0.9933071490757153,2,0,0,0
536,2022-03-01,CHL,UKR,-0.9999999999999999,0,0,2,0
537,2022-03-01,CHL,URY,3.1139378072302866,4,0,0,0
538,2022-03-01,USA,CHL,-0.3454228281871068,3,2,0,4
539,2022-03-01,CHL,VNM,0.7824173120486715,5,0,0,0
540,2022-03-01,CHN,CMR,3.1139378072302866,4,0,0,0
541,2022-03-01,CHN,COG,0.39732285963028613,1,0,0,0
542,2022-03-01,DEU,CHN,-0.39847131321189994,7,0,1,3
543,2022-03-01,ESP,CHN,-0.1268628118337818,8,0,1,0
544,2022-03-01,ETH,CHN,0.115111743757386,0,2,0,0
545,2022-03-01,CHN,EUR,1.1931711852490017,37,5,2,3
546,2022-03-01,FIN,CHN,-1.9999999999999998,0,0,0,2
547,2022-03-01,FRA,CHN,0.8921704147534341,24,0,0,0
548,2022-03-01,GBR,CHN,0.7879156519510031,28,1,6,2
549,2022-03-01,GHA,CHN,0.5738552626641733,2,0,0,0
550,2022-03-01,CHN,GIN,-0.19051482536448663,2,0,0,0
551,2022-03-01,GRC,CHN,-0.037608891230075756,2,3,0,0
552,2022-03-01,GUY,CHN,0.875,2,0,0,0
553,2022-03-01,CHN,HKG,-1.9051482536448663,0,0,1,0
554,2022-03-01,HUN,CHN,0.21599729077925306,5,0,0,0
555,2022-03-01,CHN,IDN,0.1551753419463007,3,0,0,0
556,2022-03-01,CHN,IND,-0.7793525126025086,1,0,0,1
557,2022-03-01,IRL,CHN,2.6488190642019074,3,0,0,0
558,2022-03-01,CHN,IRN,1.144482095123692,28,1,0,0
559,2022-03-01,ISR,CHN,-0.6525774688630283,2,0,4,0
560,2022-03-01,JOR,CHN,-0.029219087456765647,2,1,0,0
561,2022-03-01,CHN,JPN,0.06321107441355486,27,2,11,5
562,2022-03-01,CHN,KAZ,5.3154857308685735,3,0,0,0
563,2022-03-01,CHN,KEN,1.529246966161962,6,3,0,0
564,2022-03-01,KHM,CHN,-0.8425125323520686,4,0,0,5
565,2022-03-01,KOR,CHN,0.36861845520701403,8,3,2,1
566,2022-03-01,CHN,LBN,-5.715444760934599,0,1,0,1
567,2022-03-01,CHN,LTU,-1.77686686796794,0,1,0,4
568,2022-03-01,MAC,CHN,2.485599167342017,1,0,0,0
569,2022-03-01,CHN,MAR,1.4288611902336497,2,0,0,0
570,2022-03-01,CHN,MDA,0.6506839890939227,9,0,0,0
571,2022-03-01,MEX,CHN,0.8929249677440104,0,3,0,0
572,2022-03-01,CHN,MMR,0.17146694421932782,1,1,0,1
573,2022-03-01,CHN,MNG,0.9147192308738966,4,0,0,0
574,2022-03-01,CHN,MYS,1.0616456349295897,2,3,1,0
575,2022-03-01,CHN,NGA,-0.9999999999999999,0,2,0,0
576,2022-03-01,CHN,NPL,1.3541775842076176,7,2,0,0
577,2022-03-01,CHN,PAK,-1.0336855581506477,5,2,5,2
578,2022-03-01,CHN,PHL,1.485655060924924,1,3,0,0
579,2022-03-01,CHN,POL,0.4584918274687529,12,0,0,0
580,2022-03-01,CHN,PRK,3.5,0,2,0,0
581,2022-03-01,CHN,PRT,0.7423357684382995,4,0,0,0
582,2022-03-01,CHN,PSE,1.0616322359287207,0,2,0,0
583,2022-03-01,ROU,CHN,0.4130803075033733,6,0,0,0
584,2022-03-01,RUS,CHN,0.5776401589034807,292,55,80,34
585,2022-03-01,CHN,SAS,1.9850219083548575,9,0,0,0
586,2022-03-01,CHN,SAU,3.105498058975271,6,1,0,0
587,2022-03-01,CHN,SLE,0.16599055612148375,2,0,0,0
588,2022-03-01,CHN,SOM,1.0042467096623033,8,0,0,0
589,2022-03-01,SRB,CHN,0.0,3,0,0,0
590,2022-03-01,CHN,SVK,0.4584918274687529,12,0,0,0
591,2022-03-01,CHN,SYR,-0.035972419924183124,0,0,4,0
592,2022-03-01,CHN,THA,0.4701200610744769,0,2,7,0
593,2022-03-01,CHN,TWN,0.020189037265513146,128,8,50,15
594,2022-03-01,CHN,UKR,0.26720346496666525,208,22,52,55
595,2022-03-01,USA,CHN,0.21257595122855608,214,29,53,38
596,2022-03-01,CHN,UZB,0.03466179662980403,0,1,0,2
597,2022-03-01,CHN,VEN,0.01664610041958689,6,0,4,0
598,2022-03-01,VNM,CHN,0.39318992165882105,8,7,2,4
599,2022-03-01,CHN,WST,-0.4241674560247662,5,0,10,1
600,2022-03-01,CHN,YEM,0.11371891319842091,4,0,0,0
601,2022-03-01,UKR,CIV,0.018970349271026716,1,0,0,0
602,2022-03-01,CIV,USA,-1.701239384937253,0,0,3,0
603,2022-03-01,CMR,EUR,2.1866142981514307,4,1,1,0
604,2022-03-01,CMR,KEN,0.9848959475260267,10,0,0,0
605,2022-03-01,CMR,NGA,0.6320123402194884,2,0,0,0
606,2022-03-01,CMR,RUS,1.751762794168214,0,2,0,0
607,2022-03-01,COG,COD,-9.933071490757152,0,0,0,1
608,2022-03-01,COD,POL,0.23597437856718242,7,0,0,0
609,2022-03-01,COD,QAT,0.007194483984836625,1,0,0,0
610,2022-03-01,COD,RUS,0.6469630879050251,6,0,0,0
611,2022-03-01,USA,COD,-0.05473800303525829,7,0,3,0
612,2022-03-01,ETH,COG,0.35095146151399426,0,1,0,0
613,2022-03-01,COG,EUR,6.953150043530007,1,0,0,0
614,2022-03-01,COG,RUS,0.011066037074765575,2,0,0,1
615,2022-03-01,TZA,COG,-5.0,0,0,0,1
616,2022-03-01,COG,USA,0.032706041569829175,4,0,0,0
617,2022-03-01,WSM,COK,-1.9866142981514305,0,0,1,0
618,2022-03-01,COL,CRI,3.1139378072302866,4,0,0,0
619,2022-03-01,COL,DOM,3.1139378072302866,4,0,0,0
620,2022-03-01,COL,ECU,3.1139378072302866,4,0,0,0
621,2022-03-01,COL,ESP,-0.09485174635513358,0,0,1,0
622,2022-03-01,FRA,COL,1.0492368417761155,3,0,0,0
623,2022-03-01,COL,GRC,1.3984953911239746,1,0,0,0
624,2022-03-01,COL,GTM,3.1139378072302866,4,0,0,0
625,2022-03-01,COL,MEX,3.1139378072302866,4,0,0,0
626,2022-03-01,MNG,COL,1.631435317056083,1,0,1,0
627,2022-03-01,COL,NPL,1.024205957274923,4,9,0,0
628,2022-03-01,COL,PAN,3.1139378072302866,4,0,0,0
629,2022-03-01,COL,PER,1.8652154073835316,4,6,0,0
630,2022-03-01,COL,PRY,3.1139378072302866,4,0,0,0
631,2022-03-01,COL,RUS,-0.8534898536052014,1,0,2,0
632,2022-03-01,COL,UKR,-3.973228596302861,0,0,1,0
633,2022-03-01,COL,URY,7.620593014579465,2,0,0,0
634,2022-03-01,COL,USA,0.8336545897565822,7,8,0,8
635,2022-03-01,CPV,GIN,0.017986209962091562,4,0,0,0
636,2022-03-01,CPV,GMB,0.08040748990525477,8,0,0,0
637,2022-03-01,CPV,GNB,0.04006595737369798,8,0,0,0
638,2022-03-01,PRT,CPV,0.047681168808847034,1,0,0,0
639,2022-03-01,GRD,CRB,6.953150043530007,2,0,0,0
640,2022-03-01,DEU,CRI,6.517898377036329,0,1,0,0
641,2022-03-01,CRI,DOM,3.037979269076762,12,0,0,0
642,2022-03-01,CRI,ECU,3.1139378072302866,4,0,0,0
643,2022-03-01,CRI,GTM,3.1139378072302866,4,0,0,0
644,2022-03-01,CRI,IRL,0.3892422259037858,4,0,0,0
645,2022-03-01,CRI,MEX,2.5055392137539023,5,0,0,0
646,2022-03-01,CRI,PAN,3.1139378072302866,4,0,0,0
647,2022-03-01,CRI,PER,3.1139378072302866,4,0,0,0
648,2022-03-01,CRI,PRY,3.1139378072302866,4,0,0,0
649,2022-03-01,CRI,USA,0.5894282442053573,5,0,0,0
650,2022-03-01,ESP,CUB,-0.021583451954509874,1,0,1,0
651,2022-03-01,GBR,CUB,0.48777697326454733,2,0,0,0
652,2022-03-01,CUB,GRC,-1.4346381566604334,0,0,0,2
653,2022-03-01,ISR,CUB,-0.17086899463986985,0,0,0,2
654,2022-03-01,MEX,CUB,-0.035972419924183124,0,0,2,0
655,2022-03-01,CUB,NMR,-0.10432001778013107,0,0,1,1
656,2022-03-01,CUB,PER,0.30063002182930343,5,0,0,0
657,2022-03-01,CUB,PRT,0.6469630879050251,6,0,0,0
658,2022-03-01,CUB,RUS,0.7412374471972509,20,7,6,5
659,2022-03-01,SYR,CUB,2.4845313470057535,7,2,0,0
660,2022-03-01,CUB,UKR,2.4,6,0,0,0
661,2022-03-01,CUB,USA,0.11110169538673983,45,2,23,2
662,2022-03-01,CUB,VEN,0.1551753419463007,6,0,0,0
663,2022-03-01,CUB,WST,-1.0,0,0,2,0
664,2022-03-01,CYM,MYS,-0.8246027044976934,6,0,0,2
665,2022-03-01,CYM,SGP,0.16124796880372708,1,0,0,0
666,2022-03-01,USA,CYM,0.6666155469987347,3,0,0,1
667,2022-03-01,CYP,FRA,0.2816372697312561,6,0,0,0
668,2022-03-01,GBR,CYP,0.8053211559400165,1,5,0,0
669,2022-03-01,GRC,CYP,-0.09485174635513358,0,0,1,0
670,2022-03-01,CYP,ITA,0.7152175321327054,0,1,0,0
671,2022-03-01,CYP,RUS,-1.3765172083085642,0,0,0,3
672,2022-03-01,CYP,SAU,0.8812203045798187,20,0,0,0
673,2022-03-01,TUR,CYP,-0.6982839154517112,0,2,1,0
674,2022-03-01,CYP,UKR,-0.7804116212234092,0,0,0,3
675,2022-03-01,WST,CYP,0.14227761953270035,1,0,0,0
676,2022-03-01,CZE,DEU,0.5440041134064961,6,0,0,0
677,2022-03-01,CZE,EUR,0.11145080196728194,2,0,0,0
678,2022-03-01,CZE,FRA,0.11145080196728194,2,0,0,0
679,2022-03-01,CZE,GBR,-0.050889323315671454,10,3,0,4
680,2022-03-01,CZE,GHA,2.334271800327931,2,0,0,0
681,2022-03-01,CZE,HUN,1.0042467096623033,4,0,0,0
682,2022-03-01,KEN,CZE,0.23712936588783395,0,1,0,0
683,2022-03-01,CZE,LVA,-0.03332575903993688,2,0,0,0
684,2022-03-01,CZE,NLD,0.2588578634657882,3,0,0,0
685,2022-03-01,CZE,POL,-0.4138355268917977,4,0,2,0
686,2022-03-01,RUS,CZE,-1.1091391313842969,2,1,5,1
687,2022-03-01,CZE,SVK,3.9999999999999996,4,0,0,0
688,2022-03-01,CZE,TWN,3.5,0,2,0,0
689,2022-03-01,UKR,CZE,0.27164996682021,24,3,3,5
690,2022-03-01,USA,CZE,-1.5,0,2,0,4
691,2022-03-01,CZE,WST,0.14227761953270035,1,0,0,0
692,2022-03-01,CZE,ZAF,-0.08993104981045781,0,0,1,0
693,2022-03-01,DEU,DNK,1.761942026634962,0,3,0,0
694,2022-03-01,DEU,EGY,1.897708359108836,7,0,0,0
695,2022-03-01,ESP,DEU,0.0,2,0,0,0
696,2022-03-01,EST,DEU,0.30422166070367035,2,3,0,2
697,2022-03-01,DEU,EUR,0.7535982998369662,50,10,10,8
698,2022-03-01,DEU,FRA,0.5599448816458462,83,10,2,6
699,2022-03-01,DEU,GBR,0.48389466969691874,45,6,9,4
700,2022-03-01,DEU,GHA,0.8129187816305421,2,2,0,0
701,2022-03-01,DEU,GRC,0.4713207414953116,4,1,1,0
702,2022-03-01,DEU,GTM,1.436134070550817,0,2,0,0
703,2022-03-01,DEU,HRV,3.4999999999999996,4,0,0,0
704,2022-03-01,HUN,DEU,0.8975235184305896,16,4,0,0
705,2022-03-01,IDN,DEU,0.05395862988627469,2,0,0,0
706,2022-03-01,DEU,IRL,0.40115644356421015,7,0,0,0
707,2022-03-01,DEU,IRN,1.022901620702089,19,0,0,0
708,2022-03-01,DEU,ISR,0.2761071530980159,14,0,0,4
709,2022-03-01,DEU,ITA,0.6629987055101568,16,0,2,1
710,2022-03-01,JOR,DEU,1.761942026634962,0,3,0,0
711,2022-03-01,DEU,JPN,0.8387125657063181,8,2,0,0
712,2022-03-01,LBN,DEU,-4.75,0,0,0,2
713,2022-03-01,DEU,LTU,-2.992890764874131,0,0,0,10
714,2022-03-01,DEU,LUX,1.6999999999999997,2,0,0,0
715,2022-03-01,MEX,DEU,-3.8924222590378585,0,0,0,2
716,2022-03-01,DEU,MLT,1.0124132853509948,8,0,0,0
717,2022-03-01,NGA,DEU,0.29242343145200195,1,0,0,0
718,2022-03-01,NLD,DEU,-0.017256677311456855,13,9,9,2
719,2022-03-01,DEU,NOR,1.761942026634962,0,3,0,0
720,2022-03-01,DEU,PER,0.8247386444571453,0,3,0,0
721,2022-03-01,DEU,PHL,2.979921447227146,1,0,0,0
722,2022-03-01,DEU,POL,0.05310497143311852,49,4,2,7
723,2022-03-01,DEU,PRT,2.334271800327931,2,0,0,0
724,2022-03-01,DEU,QAT,0.5036231324446013,11,0,0,0
725,2022-03-01,ROU,DEU,0.5219093925529912,16,4,0,3
726,2022-03-01,DEU,RUS,0.13658319040853062,159,41,45,60
727,2022-03-01,DEU,RWA,0.3749854963090516,5,0,0,2
728,2022-03-01,SAU,DEU,-0.12590346973464095,0,0,2,0
729,2022-03-01,SOM,DEU,0.05395862988627469,2,0,0,0
730,2022-03-01,DEU,SVN,2.4662318183380703,1,0,0,0
731,2022-03-01,DEU,SWE,1.8998235692590582,6,3,0,0
732,2022-03-01,DEU,THA,-4.966535745378576,0,0,0,1
733,2022-03-01,DEU,TUR,1.3759929567601348,15,0,0,0
734,2022-03-01,TWN,DEU,0.05172511398210023,3,0,0,0
735,2022-03-01,DEU,UKR,0.3896569961148155,112,40,26,41
736,2022-03-01,DEU,USA,0.5204709369420445,125,20,17,15
737,2022-03-01,VEN,DEU,0.16124796880372708,1,0,0,0
738,2022-03-01,DEU,VNM,0.9182750660772673,2,6,0,0
739,2022-03-01,DEU,WST,0.5463831466945896,9,1,10,0
740,2022-03-01,DEU,ZAF,-0.3940626090439414,2,0,0,4
741,2022-03-01,DJI,KEN,1.1749999999999998,4,0,0,0
742,2022-03-01,DJI,MOZ,1.1749999999999998,4,0,0,0
743,2022-03-01,DJI,MWI,1.1749999999999998,4,0,0,0
744,2022-03-01,DJI,RWA,0.4499999999999999,4,0,2,0
745,2022-03-01,YEM,DJI,1.9462111295189293,0,2,0,0
746,2022-03-01,EGY,DNK,6.953150043530007,1,0,0,0
747,2022-03-01,DNK,EUR,0.7906869646597221,27,0,0,0
748,2022-03-01,DNK,GBR,2.1122495937607453,3,2,0,0
749,2022-03-01,DNK,ISL,2.2024275332937027,6,0,0,0
750,2022-03-01,DNK,ITA,2.2024275332937027,6,0,0,0
751,2022-03-01,DNK,JAM,0.44290613179273236,6,0,0,0
752,2022-03-01,JPN,DNK,0.0,2,0,0,0
753,2022-03-01,DNK,MLT,1.1012137666468513,6,0,0,0
754,2022-03-01,DNK,NGA,-1.9866142981514305,0,0,1,0
755,2022-03-01,NLD,DNK,0.13309795371947758,0,3,0,0
756,2022-03-01,DNK,NOR,1.5610628973899647,6,3,0,0
757,2022-03-01,DNK,NZL,2.485599167342017,1,0,0,0
758,2022-03-01,DNK,PRT,2.010854167607981,6,2,0,0
759,2022-03-01,DNK,RUS,-1.7284472896178416,0,0,4,8
760,2022-03-01,SWE,DNK,0.565559911607126,6,2,0,0
761,2022-03-01,DNK,TCD,-0.035972419924183124,0,1,0,0
762,2022-03-01,DNK,UKR,1.6611572733484015,7,0,0,0
763,2022-03-01,DNK,USA,-0.008668998973586112,2,4,0,1
764,2022-03-01,RUS,DOM,-0.8733361981627052,0,0,0,4
765,2022-03-01,DOM,UKR,3.8102965072897326,2,0,0,0
766,2022-03-01,USA,DOM,3.5,0,2,0,0
767,2022-03-01,ESP,DZA,1.2207044926869384,3,3,0,0
768,2022-03-01,DZA,EUR,0.45989995056419736,12,2,0,0
769,2022-03-01,DZA,FRA,-0.019103101268772436,11,0,2,3
770,2022-03-01,DZA,ITA,0.6570754222786378,36,3,0,0
771,2022-03-01,DZA,KWT,1.5734815439525125,12,0,0,0
772,2022-03-01,DZA,NGA,1.7466723963254105,8,0,0,0
773,2022-03-01,DZA,RUS,0.10514263046886085,2,3,3,0
774,2022-03-01,UKR,DZA,-0.8474713056195031,2,0,0,7
775,2022-03-01,VNM,DZA,6.096474411663572,0,2,0,0
776,2022-03-01,ECU,EUR,2.334271800327931,2,0,0,0
777,2022-03-01,ECU,POL,1.1749999999999998,4,0,0,0
778,2022-03-01,EGY,ETH,0.2057836979763137,2,0,0,0
779,2022-03-01,EGY,EUR,2.5599999999999996,1,4,0,0
780,2022-03-01,EGY,FRA,-0.6434638156660433,0,2,2,0
781,2022-03-01,GBR,EGY,0.05395862988627469,2,0,0,0
782,2022-03-01,GRC,EGY,-0.09485174635513358,0,0,1,0
783,2022-03-01,EGY,IRN,1.0138109640400395,6,0,0,0
784,2022-03-01,IRQ,EGY,0.8039126641922224,9,0,0,0
785,2022-03-01,EGY,ISR,1.176581404461782,2,1,0,2
786,2022-03-01,EGY,KWT,1.849562525600101,19,0,0,0
787,2022-03-01,EGY,NGA,1.1194104199667405,11,0,0,0
788,2022-03-01,EGY,POL,-1.6426878262082356,2,0,0,4
789,2022-03-01,EGY,PSE,-0.3641410742659661,0,3,0,3
790,2022-03-01,EGY,ROU,0.7280913533281594,6,1,0,1
791,2022-03-01,EGY,RUS,-0.07914392528215024,1,6,3,1
792,2022-03-01,SAU,EGY,-0.3544113844692786,10,1,2,1
793,2022-03-01,EGY,SYR,-0.13927066565012025,11,0,4,0
794,2022-03-01,EGY,TTO,0.3319811122429675,2,0,0,0
795,2022-03-01,EGY,UGA,0.6693960340066756,6,0,0,1
796,2022-03-01,EGY,UKR,-0.13456937173708758,24,1,3,4
797,2022-03-01,EGY,USA,0.21207408722505838,34,3,8,2
798,2022-03-01,ERI,ETH,-1.2113351433115365,0,0,3,0
799,2022-03-01,ERI,NOR,0.14227761953270035,2,0,0,0
800,2022-03-01,ERI,SWE,3.7,0,2,0,0
801,2022-03-01,EUR,ESP,0.46372330660247413,17,1,1,1
802,2022-03-01,FRA,ESP,0.6353317549786384,13,8,1,7
803,2022-03-01,GBR,ESP,-0.405303756094216,43,5,9,21
804,2022-03-01,ESP,HKG,-0.44088402455516523,2,0,1,0
805,2022-03-01,ESP,IRL,-1.1033255349643942,5,0,0,5
806,2022-03-01,ESP,ITA,-0.5774663231669761,28,1,1,8
807,2022-03-01,ESP,KOR,-1.4933071490757153,0,0,2,0
808,2022-03-01,ESP,LBN,0.2323052151373798,13,0,1,0
809,2022-03-01,ESP,LTU,0.18970349271026715,1,0,0,0
810,2022-03-01,ESP,LVA,3.344134068554908,0,2,0,1
811,2022-03-01,ESP,MAR,0.9878832103628551,6,3,0,0
812,2022-03-01,ESP,MEX,0.3827658434675418,0,3,0,0
813,2022-03-01,ESP,MLT,0.7460118414634254,2,0,0,0
814,2022-03-01,ESP,NLD,-0.36902011875307256,8,0,3,0
815,2022-03-01,ESP,PAK,-4.762870634112166,0,0,0,1
816,2022-03-01,ESP,PHL,0.6320123402194884,2,0,0,0
817,2022-03-01,PRT,ESP,-0.15197972945298632,6,3,0,7
818,2022-03-01,ESP,RUS,0.40175525883022895,14,10,6,11
819,2022-03-01,ESP,SRB,2.110659719406465,6,3,0,0
820,2022-03-01,TUR,ESP,-8.573167141401898,0,0,0,1
821,2022-03-01,ESP,UKR,1.0542868067453226,34,15,6,7
822,2022-03-01,ESP,USA,0.3122042293758376,42,4,0,3
823,2022-03-01,ESP,VEN,-0.21599556918237636,2,0,0,2
824,2022-03-01,EST,EUR,3.824232523941504,4,0,0,0
825,2022-03-01,FIN,EST,1.0894976385984187,7,3,0,0
826,2022-03-01,EST,GBR,0.32011217572607736,191,12,0,6
827,2022-03-01,EST,LTU,-0.3861081618406498,12,0,4,4
828,2022-03-01,EST,LVA,0.32257138210257175,21,0,4,0
829,2022-03-01,EST,MDA,1.9999999999999998,2,0,0,0
830,2022-03-01,EST,NOR,0.04742587317756679,2,0,0,0
831,2022-03-01,EST,POL,0.690340086884675,78,0,4,4
832,2022-03-01,RUS,EST,0.0986966936336633,39,0,10,10
833,2022-03-01,SWE,EST,2.642391233933647,1,0,0,0
834,2022-03-01,EST,UKR,0.6633576065111264,51,5,0,6
835,2022-03-01,EST,USA,0.3046030487868603,9,0,1,0
836,2022-03-01,EST,WST,-0.5134178877484561,55,2,0,20
837,2022-03-01,MMR,ETH,1.4999999999999998,2,0,0,0
838,2022-03-01,SDN,ETH,0.10065555540741429,11,0,2,0
839,2022-03-01,ETH,SOM,-0.17684118931135495,0,0,5,0
840,2022-03-01,ETH,UGA,0.3580943193217836,18,0,0,0
841,2022-03-01,ETH,UKR,-0.020690045592840097,3,0,0,0
842,2022-03-01,EUR,FIN,1.6642460772376004,7,0,3,0
843,2022-03-01,EUR,FRA,0.37646119175576426,62,6,18,8
844,2022-03-01,GBR,EUR,0.5950657347411167,58,23,3,12
845,2022-03-01,GHA,EUR,-0.07194483984836625,0,0,2,0
846,2022-03-01,GRC,EUR,-0.31136130449001154,1,2,4,0
847,2022-03-01,HRV,EUR,0.928377051924325,4,0,0,2
848,2022-03-01,EUR,HUN,0.4915515220539786,3,0,0,0
849,2022-03-01,IDN,EUR,0.05395862988627469,2,0,0,0
850,2022-03-01,EUR,IND,0.7810289935645478,7,0,0,0
851,2022-03-01,IRL,EUR,0.9236099230415028,6,4,4,2
852,2022-03-01,EUR,IRN,1.5204934882580314,17,1,0,0
853,2022-03-01,EUR,ISL,6.357165754084578,0,1,0,0
854,2022-03-01,EUR,ISR,0.054099143091379344,19,0,2,3
855,2022-03-01,ITA,EUR,1.5810642968665323,15,4,7,0
856,2022-03-01,EUR,JPN,0.9321221110493136,11,5,3,0
857,2022-03-01,EUR,KOR,0.6794513148144057,7,2,0,0
858,2022-03-01,EUR,LKA,4.966535745378576,0,1,0,0
859,2022-03-01,LTU,EUR,-0.6778815008366124,11,0,2,1
860,2022-03-01,EUR,LUX,3.178582877042289,5,0,0,0
861,2022-03-01,LVA,EUR,1.0306652651504655,9,2,0,1
862,2022-03-01,EUR,MCO,0.0,3,0,0,0
863,2022-03-01,EUR,MDA,0.5132177237722726,9,0,0,0
864,2022-03-01,MEX,EUR,-0.8987832879399739,0,0,2,0
865,2022-03-01,MLT,EUR,0.15454058871201165,2,0,3,0
866,2022-03-01,EUR,MMR,-4.0,0,0,0,1
867,2022-03-01,MNE,EUR,-0.21815338221330194,0,0,3,0
868,2022-03-01,MNG,EUR,-5.0,0,0,0,2
869,2022-03-01,EUR,MYS,0.9950832590689819,2,0,0,0
870,2022-03-01,EUR,NGA,2.0562744549791936,9,1,0,0
871,2022-03-01,EUR,NLD,0.9588314431497698,9,4,2,1
872,2022-03-01,EUR,NMR,1.0626506645948042,6,4,0,1
873,2022-03-01,EUR,NOR,1.000628107164956,22,0,0,2
874,2022-03-01,EUR,NZL,3.5,0,1,0,0
875,2022-03-01,EUR,PAK,0.3681755608817241,18,0,0,0
876,2022-03-01,PHL,EUR,0.16124796880372708,1,0,0,0
877,2022-03-01,EUR,POL,-0.3571967424583011,29,4,1,2
878,2022-03-01,EUR,PSE,-0.0976972987457876,2,0,0,3
879,2022-03-01,EUR,QAT,-0.13357037885028572,11,0,3,0
880,2022-03-01,ROU,EUR,0.7727337767182547,8,2,1,0
881,2022-03-01,EUR,RUS,-0.38847458266639623,316,80,107,235
882,2022-03-01,EUR,SAS,1.5875,8,0,0,0
883,2022-03-01,SDN,EUR,1.4999999999999998,2,0,0,0
884,2022-03-01,SEA,EUR,6.357165754084578,0,1,0,0
885,2022-03-01,EUR,SGP,0.12155401785793553,6,0,0,0
886,2022-03-01,SRB,EUR,-0.18970349271026715,0,0,1,0
887,2022-03-01,SVK,EUR,-0.017198623318697637,5,0,0,0
888,2022-03-01,EUR,SWE,1.34500222811966,4,3,1,0
889,2022-03-01,SYR,EUR,0.5597570336218988,5,3,0,2
890,2022-03-01,THA,EUR,3.5231883119115293,1,0,0,0
891,2022-03-01,TUN,EUR,-1.9458812758981483,0,0,2,0
892,2022-03-01,EUR,TUR,0.780074888239401,28,0,2,0
893,2022-03-01,EUR,UKR,0.6632130910287212,515,107,75,58
894,2022-03-01,USA,EUR,0.4834921282953766,152,22,20,34
895,2022-03-01,VEN,EUR,-0.23712936588783395,0,0,0,2
896,2022-03-01,EUR,WST,0.4704223087284825,37,4,8,1
897,2022-03-01,FIN,JPN,-1.0654120831396583,0,0,0,4
898,2022-03-01,FIN,KOR,-3.973228596302861,0,0,0,1
899,2022-03-01,FIN,RUS,-1.004489256325366,15,4,5,18
900,2022-03-01,FIN,SWE,-0.5642450170037908,9,1,5,3
901,2022-03-01,FIN,UKR,0.2814171362271817,30,9,1,10
902,2022-03-01,USA,FIN,-1.2654691781902476,0,0,0,2
903,2022-03-01,WST,FIN,1.156985372248659,70,0,6,0
904,2022-03-01,FJI,GBR,0.23712936588783395,0,1,0,0
905,2022-03-01,FJI,NZL,-0.23712936588783395,0,0,0,1
906,2022-03-01,FJI,RUS,-0.44778823970617976,3,0,2,0
907,2022-03-01,FJI,UKR,0.2087425990853592,0,1,3,0
908,2022-03-01,FRA,GBR,0.8622607049474819,69,9,8,10
909,2022-03-01,FRA,GRC,2.6666666666666665,3,0,0,0
910,2022-03-01,FRA,HRV,3.9999999999999996,4,0,0,0
911,2022-03-01,IND,FRA,0.511178577065269,7,0,0,0
912,2022-03-01,IRL,FRA,1.2035739226312845,4,2,0,0
913,2022-03-01,FRA,IRN,1.1184160829666188,18,0,0,0
914,2022-03-01,FRA,IRQ,0.1758653875391408,3,0,0,0
915,2022-03-01,ISR,FRA,-1.1467181820214383,2,4,1,1
916,2022-03-01,FRA,ITA,0.49669385200093524,39,2,4,0
917,2022-03-01,JOR,FRA,1.761942026634962,0,3,0,0
918,2022-03-01,JPN,FRA,0.16201219258473354,16,0,0,2
919,2022-03-01,FRA,KEN,1.8499999999999999,8,4,0,0
920,2022-03-01,FRA,KHM,0.009813455872075827,8,0,1,1
921,2022-03-01,FRA,KOR,0.41923643137301986,8,0,2,0
922,2022-03-01,FRA,LBN,2.172632792345443,2,1,0,0
923,2022-03-01,LBY,FRA,0.9306239844018636,2,0,0,0
924,2022-03-01,FRA,LUX,0.11145080196728194,2,0,0,0
925,2022-03-01,LVA,FRA,0.0,2,0,0,0
926,2022-03-01,FRA,MCO,-0.18970349271026715,0,0,0,1
927,2022-03-01,FRA,MDA,0.30732822898906015,7,0,0,0
928,2022-03-01,FRA,MDG,2.334271800327931,2,0,0,0
929,2022-03-01,FRA,MDV,-1.0016732127310712,1,0,1,2
930,2022-03-01,FRA,MEX,0.3501437027947432,12,2,0,1
931,2022-03-01,FRA,MLI,1.5962863259327544,21,9,16,0
932,2022-03-01,FRA,MRT,-0.014227761953270038,1,0,1,0
933,2022-03-01,FRA,MYS,1.1457911094838624,3,4,3,0
934,2022-03-01,NER,FRA,0.07194483984836625,2,0,0,0
935,2022-03-01,FRA,NLD,0.02561917681207639,7,2,3,0
936,2022-03-01,FRA,PHL,-0.035972419924183124,0,0,1,0
937,2022-03-01,FRA,POL,0.4811405325045313,13,2,3,0
938,2022-03-01,PRK,FRA,8.807970779778824,0,1,0,0
939,2022-03-01,PRT,FRA,1.716938671389134,8,0,1,0
940,2022-03-01,PSE,FRA,0.13317364637052223,6,1,0,0
941,2022-03-01,FRA,ROU,0.9371655638582042,16,7,0,0
942,2022-03-01,FRA,RUS,0.184241683778315,176,28,62,24
943,2022-03-01,FRA,SAU,1.3276674250189155,12,0,0,1
944,2022-03-01,FRA,SEA,0.86078289399626,0,4,0,0
945,2022-03-01,FRA,SEN,-2.111396747083309,2,0,1,0
946,2022-03-01,FRA,SRB,2.2024275332937027,6,0,0,0
947,2022-03-01,FRA,SWE,0.08480832933753976,5,0,0,0
948,2022-03-01,FRA,SYR,-3.1540305370584694,0,0,0,3
949,2022-03-01,FRA,TCD,0.4112190409026955,4,0,0,0
950,2022-03-01,THA,FRA,0.0,1,0,0,0
951,2022-03-01,FRA,TUR,-0.8778914485975363,0,1,5,0
952,2022-03-01,FRA,UKR,0.6860137529037834,97,11,15,9
953,2022-03-01,FRA,USA,0.4727967852475274,155,16,22,23
954,2022-03-01,FRA,VNM,0.1676761568955134,6,0,0,0
955,2022-03-01,FRA,WST,0.6543616039824288,5,7,2,0
956,2022-03-01,USA,FSM,0.38102965072897327,1,0,0,0
957,2022-03-01,GAB,GHA,0.05172511398210023,6,0,0,0
958,2022-03-01,GBR,GHA,1.1655051842853348,10,1,0,2
959,2022-03-01,GBR,GRC,0.18224233009905114,6,3,2,0
960,2022-03-01,GBR,HUN,0.7133754840818775,9,2,0,0
961,2022-03-01,GBR,IDN,1.4324120988148399,2,0,0,1
962,2022-03-01,GBR,IND,-0.14138444736943984,9,0,3,1
963,2022-03-01,IRL,GBR,-0.04047437442550543,60,3,11,7
964,2022-03-01,GBR,IRN,0.9649172758700356,18,0,2,0
965,2022-03-01,GBR,IRQ,-0.6988791324737006,6,0,1,4
966,2022-03-01,GBR,ISR,1.3344405628647,8,6,2,0
967,2022-03-01,GBR,ITA,1.5644182512519818,9,5,2,0
968,2022-03-01,JAM,GBR,1.8825899495899656,0,1,0,0
969,2022-03-01,JOR,GBR,-1.2423308983149022,4,0,1,1
970,2022-03-01,GBR,JPN,0.6861997199038806,19,1,1,2
971,2022-03-01,GBR,KEN,0.5743762330547163,18,1,0,0
972,2022-03-01,KNA,GBR,0.3514457507225754,12,0,0,0
973,2022-03-01,GBR,LBN,-0.7501239611898219,2,0,0,3
974,2022-03-01,GBR,LKA,0.21405466837725115,3,0,0,0
975,2022-03-01,LTU,GBR,0.9006343076759963,1,2,0,0
976,2022-03-01,LVA,GBR,0.1908577768897001,8,0,0,0
977,2022-03-01,GBR,MCO,0.0,3,0,0,0
978,2022-03-01,MDA,GBR,1.9999999999999998,2,0,0,0
979,2022-03-01,GBR,MDV,0.10234946438156764,4,6,0,0
980,2022-03-01,GBR,MLT,2.6577428654342867,3,0,0,0
981,2022-03-01,GBR,MNG,0.4120159313888391,3,2,0,0
982,2022-03-01,GBR,NAM,0.07430053464485463,3,0,0,0
983,2022-03-01,NGA,GBR,-0.05618461397927148,23,0,10,1
984,2022-03-01,NLD,GBR,0.3414400622622222,16,6,3,3
985,2022-03-01,GBR,NMR,-0.524321395628422,3,1,3,0
986,2022-03-01,NOR,GBR,1.9581747564143341,5,1,0,0
987,2022-03-01,NZL,GBR,2.028175771825321,46,15,2,2
988,2022-03-01,GBR,PAK,0.18653796620765406,29,3,5,0
989,2022-03-01,GBR,PAN,0.04226759341091517,2,0,0,0
990,2022-03-01,PHL,GBR,1.0948517463551335,2,0,0,0
991,2022-03-01,GBR,POL,0.43946387494299727,257,18,9,13
992,2022-03-01,GBR,PRK,-5.0,0,0,0,1
993,2022-03-01,GBR,PRT,0.10800817892478437,26,0,0,0
994,2022-03-01,GBR,PSE,-0.3624296123038285,2,1,2,0
995,2022-03-01,GBR,QAT,-3.3245511386285136,1,0,0,4
996,2022-03-01,GBR,ROU,1.2783849975903132,0,3,0,0
997,2022-03-01,GBR,RUS,-0.25090635629210184,448,69,175,230
998,2022-03-01,GBR,SAS,-0.4000000000000001,2,0,0,2
999,2022-03-01,GBR,SAU,0.10072277578771276,5,0,0,0
1000,2022-03-01,GBR,SGP,0.9876265405023751,15,0,0,1
1001,2022-03-01,GBR,SOM,-1.125678563920552,1,0,1,2
1002,2022-03-01,GBR,SWE,-0.6036905832644563,5,1,2,1
1003,2022-03-01,GBR,SYR,-3.1540305370584694,0,0,0,3
1004,2022-03-01,GBR,TCD,0.21507818458182126,16,0,0,0
1005,2022-03-01,GBR,THA,1.0654862145706003,12,0,0,0
1006,2022-03-01,GBR,TTO,-0.23712936588783395,0,0,0,2
1007,2022-03-01,GBR,TUN,3.973228596302861,1,0,0,0
1008,2022-03-01,GBR,TUR,-1.8310699576981222,0,0,0,11
1009,2022-03-01,GBR,TWN,1.1749999999999998,4,0,0,0
1010,2022-03-01,GBR,UGA,1.0948517463551335,4,0,0,0
1011,2022-03-01,GBR,UKR,0.5217433027669034,644,166,77,69
1012,2022-03-01,URY,GBR,1.7503636614813256,2,1,0,0
1013,2022-03-01,GBR,USA,0.4484920700814023,275,47,32,22
1014,2022-03-01,GBR,VAT,0.016175856006628755,3,2,0,0
1015,2022-03-01,GBR,VNM,0.35095146151399426,0,1,0,0
1016,2022-03-01,GBR,WST,0.2184158618632064,50,0,9,8
1017,2022-03-01,ZAF,GBR,0.05355561484526665,4,0,0,0
1018,2022-03-01,GBR,ZWE,-0.3338272350687666,17,0,0,7
1019,2022-03-01,GEO,UKR,0.18970349271026715,1,0,0,0
1020,2022-03-01,GHA,HUN,1.1749999999999998,4,0,0,0
1021,2022-03-01,GHA,ITA,0.9412949747949828,1,0,0,0
1022,2022-03-01,GHA,MDV,0.9933071490757153,2,0,0,0
1023,2022-03-01,GHA,MLI,0.0,3,0,0,0
1024,2022-03-01,GHA,NGA,0.4989457757600475,13,0,0,0
1025,2022-03-01,GHA,POL,2.334271800327931,2,0,0,0
1026,2022-03-01,GHA,ROU,1.1749999999999998,4,0,0,0
1027,2022-03-01,GHA,RUS,0.22922791550115773,12,0,0,0
1028,2022-03-01,GHA,SAU,0.8285330557806723,3,0,0,0
1029,2022-03-01,GHA,SLE,0.3319811122429675,4,0,0,0
1030,2022-03-01,GHA,SVK,2.334271800327931,2,0,0,0
1031,2022-03-01,GHA,TUR,0.4798641761836738,10,0,0,0
1032,2022-03-01,GHA,UKR,0.06580298455753443,32,0,0,17
1033,2022-03-01,GHA,USA,0.7312150240276645,8,0,0,0
1034,2022-03-01,GHA,WAF,0.8293363258199182,7,0,0,0
1035,2022-03-01,GIN,GMB,0.017986209962091562,4,0,0,0
1036,2022-03-01,GIN,GNB,0.017986209962091562,4,0,0,0
1037,2022-03-01,GIN,UKR,1.7179876597805115,2,0,0,0
1038,2022-03-01,GMB,GNB,0.02976207524828165,10,0,0,0
1039,2022-03-01,MMR,GMB,-2.085945013059002,1,0,2,0
1040,2022-03-01,NGA,GMB,1.3923344267331736,2,0,0,0
1041,2022-03-01,KEN,GNQ,0.09451806551531657,3,0,0,0
1042,2022-03-01,GNQ,NGA,5.3154857308685735,6,0,0,0
1043,2022-03-01,IRL,GRC,5.959842894454292,0,1,0,0
1044,2022-03-01,GRC,ITA,0.6834498133092306,4,2,0,0
1045,2022-03-01,GRC,JPN,0.007194483984836625,1,0,0,0
1046,2022-03-01,KEN,GRC,-0.07194483984836625,0,0,1,0
1047,2022-03-01,GRC,NGA,0.0,4,0,0,0
1048,2022-03-01,GRC,NLD,0.19092404053206322,0,1,2,0
1049,2022-03-01,GRC,POL,3.7,0,2,0,0
1050,2022-03-01,RUS,GRC,-0.9806714635358598,12,0,6,9
1051,2022-03-01,GRC,TUR,0.12849402377130212,12,4,3,10
1052,2022-03-01,GRC,UKR,0.584018001046088,40,4,2,5
1053,2022-03-01,GRC,USA,0.06892692800741335,41,1,8,7
1054,2022-03-01,IRL,GRD,-0.035972419924183124,0,0,1,0
1055,2022-03-01,SGP,GRD,0.0,1,0,0,0
1056,2022-03-01,GTM,PER,1.061960882359551,6,0,0,0
1057,2022-03-01,USA,GTM,1.057296084810739,4,1,0,0
1058,2022-03-01,HKG,USA,0.9829063332303009,5,1,1,0
1059,2022-03-01,HND,USA,-0.26823240757699524,7,2,0,1
1060,2022-03-01,HRV,HUN,-1.5234024002723374,0,0,0,7
1061,2022-03-01,HRV,MDA,-1.9821847799643324,0,0,0,6
1062,2022-03-01,HRV,POL,-1.9821847799643324,0,0,0,6
1063,2022-03-01,HRV,ROU,-1.9821847799643324,0,0,0,6
1064,2022-03-01,HRV,RUS,-1.3214565199762216,3,0,0,6
1065,2022-03-01,HRV,SVK,-3.5999999999999996,0,0,0,4
1066,2022-03-01,HRV,SWE,1.7179876597805115,2,0,0,0
1067,2022-03-01,HTI,UGA,0.11145080196728194,4,0,0,0
1068,2022-03-01,HTI,USA,1.0843631253641792,10,4,0,2
1069,2022-03-01,HUN,IND,0.6255184197594307,26,0,0,2
1070,2022-03-01,HUN,IRL,-0.07194483984836625,0,0,2,0
1071,2022-03-01,HUN,KEN,1.6999999999999997,2,0,0,0
1072,2022-03-01,HUN,MDA,0.0019719121325832184,19,0,0,9
1073,2022-03-01,HUN,MDG,7.946457192605722,2,0,0,0
1074,2022-03-01,HUN,NGA,0.5128615466264714,27,4,0,4
1075,2022-03-01,HUN,NOR,2.5999999999999996,2,0,0,0
1076,2022-03-01,HUN,POL,0.43453548821722243,46,19,0,15
1077,2022-03-01,QAT,HUN,-2.339027580075817,1,0,0,1
1078,2022-03-01,ROU,HUN,0.35223323183735583,59,23,0,17
1079,2022-03-01,RUS,HUN,-0.44276008436088143,38,6,6,27
1080,2022-03-01,HUN,SVK,-0.6090364225201604,9,6,0,12
1081,2022-03-01,HUN,UKR,0.5481759976281091,114,46,14,29
1082,2022-03-01,USA,HUN,-0.48935342252561204,9,7,1,5
1083,2022-03-01,HUN,WST,-2.14204255140127,3,0,0,1
1084,2022-03-01,IDN,KOR,2.1852757279665735,3,0,0,0
1085,2022-03-01,IDN,MYS,1.6411643676422438,14,2,0,0
1086,2022-03-01,IDN,PHL,6.357165754084578,0,1,0,0
1087,2022-03-01,IDN,POL,1.034494050506264,6,2,0,0
1088,2022-03-01,IDN,ROU,2.534936566624012,2,2,0,0
1089,2022-03-01,IDN,RUS,-0.4286684431406212,0,2,4,0
1090,2022-03-01,IDN,SEA,1.489960723613573,0,1,1,0
1091,2022-03-01,IDN,SGP,0.059563395550006865,8,0,0,0
1092,2022-03-01,THA,IDN,2.451820649970277,6,2,0,0
1093,2022-03-01,IDN,TMP,0.6492534811421936,3,0,2,0
1094,2022-03-01,IDN,UKR,-1.0677365597233983,6,0,0,15
1095,2022-03-01,IDN,USA,0.0,1,0,0,0
1096,2022-03-01,JPN,IND,-0.018970349271026716,1,0,0,0
1097,2022-03-01,IND,KWT,0.37173157109338517,4,0,0,0
1098,2022-03-01,IND,LKA,1.7179876597805115,2,0,0,0
1099,2022-03-01,IND,MDA,1.2835158214341682,10,0,0,0
1100,2022-03-01,MMR,IND,-0.3739727909965916,3,1,0,1
1101,2022-03-01,IND,NLD,-0.17986209962091562,0,0,0,1
1102,2022-03-01,IND,NPL,0.0,1,0,0,0
1103,2022-03-01,IND,PAK,-0.04676706583173186,24,1,1,6
1104,2022-03-01,IND,ROU,0.5932086556468702,50,0,0,4
1105,2022-03-01,IND,RUS,-0.19922783503302047,34,8,19,15
1106,2022-03-01,SGP,IND,2.9242343145200196,1,0,0,0
1107,2022-03-01,IND,SVK,0.15055033563581263,8,0,0,1
1108,2022-03-01,IND,THA,-0.08993104981045781,0,0,0,1
1109,2022-03-01,IND,UKR,-0.035834664415157584,151,25,7,53
1110,2022-03-01,IND,USA,0.5163276028734737,34,1,0,9
1111,2022-03-01,IRL,JAM,0.04742587317756679,2,0,0,0
1112,2022-03-01,IRL,MLI,0.4115673959526274,0,2,0,0
1113,2022-03-01,IRL,MLT,0.12590346973464095,4,0,0,0
1114,2022-03-01,IRL,NLD,1.6095993551821357,4,0,0,0
1115,2022-03-01,NZL,IRL,0.012712128984321891,0,3,0,0
1116,2022-03-01,IRL,PER,1.5,2,0,0,0
1117,2022-03-01,POL,IRL,-0.32268711924092525,3,0,0,1
1118,2022-03-01,IRL,RUS,-0.051328413669360994,63,3,23,2
1119,2022-03-01,IRL,SYR,0.27530344166171283,6,0,0,0
1120,2022-03-01,IRL,THA,0.549797202315122,6,0,0,1
1121,2022-03-01,IRL,TWN,0.29931327670854346,13,0,0,0
1122,2022-03-01,IRL,UKR,0.5865660163028128,127,24,18,9
1123,2022-03-01,IRL,USA,0.5834778471720917,61,12,3,8
1124,2022-03-01,IRL,VAT,0.04226759341091517,4,0,0,0
1125,2022-03-01,IRN,IRQ,1.0650952487342202,22,10,1,1
1126,2022-03-01,ISR,IRN,-1.1161115190234898,12,5,13,12
1127,2022-03-01,IRN,ITA,0.14973057063426304,7,0,0,0
1128,2022-03-01,IRN,JOR,0.11120054133741919,2,0,0,0
1129,2022-03-01,IRN,KAZ,1.3044896608429701,12,0,0,0
1130,2022-03-01,IRN,PAK,0.07726447352721942,4,2,5,0
1131,2022-03-01,PRK,IRN,-0.25,1,0,0,1
1132,2022-03-01,IRN,PSE,0.6122880687003314,5,0,0,0
1133,2022-03-01,IRN,QAT,0.8747995177479126,10,0,0,0
1134,2022-03-01,IRN,RUS,0.4859723728028787,125,14,25,12
1135,2022-03-01,SAU,IRN,-0.1621936855822996,17,1,0,7
1136,2022-03-01,IRN,SDN,0.13309795371947758,0,3,0,0
1137,2022-03-01,IRN,SYR,0.4814518552634719,59,0,3,2
1138,2022-03-01,IRN,TKM,1.3044896608429701,12,0,0,0
1139,2022-03-01,TUR,IRN,-3.8447071068499756,0,0,0,4
1140,2022-03-01,IRN,UKR,-0.06106084103834571,33,1,19,0
1141,2022-03-01,IRN,USA,0.0746363510802179,58,11,19,9
1142,2022-03-01,IRN,VEN,0.05172511398210023,6,0,0,0
1143,2022-03-01,IRN,WST,-0.08738507354235642,3,0,6,0
1144,2022-03-01,IRN,YEM,0.0,1,0,0,0
1145,2022-03-01,IRQ,KWT,-0.0636433744837741,1,0,4,0
1146,2022-03-01,IRQ,LBN,1.3501848782670687,8,1,1,0
1147,2022-03-01,IRQ,LBY,0.011119772413566655,3,0,0,0
1148,2022-03-01,NGA,IRQ,1.4999999999999998,2,0,0,0
1149,2022-03-01,QAT,IRQ,-0.5357357709102987,2,0,1,0
1150,2022-03-01,IRQ,RUS,-0.1706047303058616,3,0,5,2
1151,2022-03-01,IRQ,SWE,2.5,0,2,0,0
1152,2022-03-01,SYR,IRQ,-2.420472792329956,0,0,0,1
1153,2022-03-01,IRQ,TUR,-2.601199186761336,2,0,0,6
1154,2022-03-01,TWN,IRQ,-0.18970349271026715,0,0,1,0
1155,2022-03-01,IRQ,UKR,0.3753218730129992,16,2,3,1
1156,2022-03-01,USA,IRQ,0.5326149454088095,26,4,8,7
1157,2022-03-01,WST,IRQ,1.448261577062698,0,1,3,0
1158,2022-03-01,IRQ,YEM,-1.64084551941154,2,0,0,3
1159,2022-03-01,ISL,ITA,2.2024275332937027,6,0,0,0
1160,2022-03-01,ISL,KEN,1.8499999999999999,8,4,0,0
1161,2022-03-01,ISL,NOR,1.4682850221958017,9,0,0,0
1162,2022-03-01,ISL,NZL,1.6999999999999997,2,0,0,0
1163,2022-03-01,ISL,PRT,2.2024275332937027,6,0,0,0
1164,2022-03-01,ISL,RUS,-2.5,0,0,0,2
1165,2022-03-01,ITA,ISR,1.4999999999999998,2,0,0,0
1166,2022-03-01,JOR,ISR,-3.2211522993960138,0,0,3,1
1167,2022-03-01,KWT,ISR,0.0,4,0,0,0
1168,2022-03-01,ISR,LBN,0.6465156743502888,14,0,0,0
1169,2022-03-01,ISR,MDA,0.16865758456287375,11,0,0,1
1170,2022-03-01,ISR,MLT,1.3850357080815558,4,0,0,0
1171,2022-03-01,ISR,NGA,0.12804985757943033,3,0,0,0
1172,2022-03-01,NLD,ISR,-0.5506068833234257,0,0,3,0
1173,2022-03-01,ISR,NMR,3.5,0,1,0,0
1174,2022-03-01,NOR,ISR,-0.4742587317756679,0,0,0,1
1175,2022-03-01,ISR,POL,0.9752723943502277,23,9,0,0
1176,2022-03-01,ISR,PSE,-0.7307093228780157,84,31,58,128
1177,2022-03-01,ISR,QAT,0.007194483984836625,1,0,0,0
1178,2022-03-01,ISR,ROU,-1.1075893445358331,2,1,0,2
1179,2022-03-01,RUS,ISR,-0.09153413268043943,92,20,85,20
1180,2022-03-01,ISR,SAU,-0.1684756283737815,3,4,0,1
1181,2022-03-01,SDN,ISR,-3.9999999999999996,0,0,0,2
1182,2022-03-01,ISR,SYR,-1.0686590772929208,4,0,0,15
1183,2022-03-01,ISR,TUN,0.6179135033547637,6,0,0,0
1184,2022-03-01,TUR,ISR,0.2629289994108593,11,1,2,0
1185,2022-03-01,ISR,UKR,0.13358949499441716,192,53,37,49
1186,2022-03-01,ISR,USA,0.3464998527297387,86,10,28,8
1187,2022-03-01,ISR,YEM,-1.2126438924170957,0,0,0,3
1188,2022-03-01,ITA,JOR,0.11920292202211757,2,0,0,0
1189,2022-03-01,ITA,JPN,0.2388491756804396,6,0,0,0
1190,2022-03-01,ITA,MEX,-0.09485174635513358,0,0,1,0
1191,2022-03-01,ITA,MNG,0.834420454154823,2,0,0,0
1192,2022-03-01,MYS,ITA,3.377244306857432,1,0,0,0
1193,2022-03-01,NLD,ITA,0.0,2,0,0,0
1194,2022-03-01,ITA,NOR,2.2024275332937027,6,0,0,0
1195,2022-03-01,ITA,POL,-1.4038024747058149,4,0,0,1
1196,2022-03-01,ITA,PRT,-0.3883482094983555,10,0,0,4
1197,2022-03-01,ITA,ROU,-1.478339057167175,1,0,0,3
1198,2022-03-01,ITA,RUS,0.4145506351877936,39,7,7,7
1199,2022-03-01,ITA,SYC,0.521222909137469,6,0,1,0
1200,2022-03-01,TUR,ITA,1.567906687287793,6,9,0,1
1201,2022-03-01,ITA,UKR,0.6963151823516627,47,21,15,4
1202,2022-03-01,ITA,USA,0.19275672744604153,61,12,4,9
1203,2022-03-01,ITA,VAT,0.42809182636437043,10,2,1,0
1204,2022-03-01,ITA,VNM,0.11145080196728194,2,0,0,0
1205,2022-03-01,WST,ITA,0.0,2,0,0,0
1206,2022-03-01,JAM,JOR,-0.04742587317756679,1,0,1,0
1207,2022-03-01,JAM,JPN,2.6577428654342867,3,0,0,0
1208,2022-03-01,JAM,POL,3.8102965072897326,1,0,0,0
1209,2022-03-01,SUR,JAM,0.14227761953270035,2,0,0,0
1210,2022-03-01,JAM,UKR,0.8976287063411215,3,0,0,1
1211,2022-03-01,USA,JAM,0.47835266129143417,6,0,1,0
1212,2022-03-01,JOR,KEN,2.034577524717008,2,1,0,0
1213,2022-03-01,PAK,JOR,-0.5378828427399902,0,0,1,0
1214,2022-03-01,PSE,JOR,0.05395862988627469,2,0,0,0
1215,2022-03-01,JOR,QAT,0.2377558193252803,5,0,0,0
1216,2022-03-01,JOR,ROU,1.761942026634962,0,3,0,0
1217,2022-03-01,SAU,JOR,1.5026449674376,2,0,0,0
1218,2022-03-01,JOR,SYR,1.1863270480080483,10,1,0,0
1219,2022-03-01,JOR,UKR,0.9336025960886393,10,2,3,0
1220,2022-03-01,USA,JOR,-0.5489921592823191,39,5,7,18
1221,2022-03-01,JOR,YEM,0.0,1,0,0,0
1222,2022-03-01,JPN,KOR,0.5851184243738105,25,5,3,3
1223,2022-03-01,MEX,JPN,0.468935317056083,2,0,0,2
1224,2022-03-01,JPN,MMR,-0.4112190409026955,0,0,4,0
1225,2022-03-01,JPN,MNG,1.4532323040684003,43,8,4,0
1226,2022-03-01,JPN,MYS,0.03115486400173013,4,0,2,0
1227,2022-03-01,JPN,NMR,-0.09118235295977159,0,1,1,0
1228,2022-03-01,NZL,JPN,0.0,1,0,0,0
1229,2022-03-01,PHL,JPN,0.44057897685636327,3,2,0,0
1230,2022-03-01,JPN,POL,-1.3447071068499756,0,0,2,0
1231,2022-03-01,JPN,PRK,0.0574811003964619,23,0,2,7
1232,2022-03-01,RUS,JPN,-0.03736307238234862,39,25,30,36
1233,2022-03-01,JPN,SAU,5.352968313777642,3,0,0,0
1234,2022-03-01,JPN,SGP,0.5786894361294905,6,1,0,0
1235,2022-03-01,SWE,JPN,-0.9325148018292817,0,0,2,0
1236,2022-03-01,JPN,THA,0.35550836601996777,12,0,0,0
1237,2022-03-01,JPN,TUN,6.953150043530007,2,0,0,0
1238,2022-03-01,JPN,TWN,1.5035328024250703,4,3,2,2
1239,2022-03-01,JPN,UKR,0.5387868940587621,37,12,11,9
1240,2022-03-01,JPN,USA,0.5166135850554231,75,18,11,15
1241,2022-03-01,JPN,VNM,0.29896530657263226,8,2,1,1
1242,2022-03-01,JPN,ZAF,0.04226759341091517,2,0,0,0
1243,2022-03-01,ZWE,JPN,-3.6552928931500244,0,0,0,1
1244,2022-03-01,KAZ,KOR,0.11920292202211757,1,0,0,0
1245,2022-03-01,KAZ,POL,1.2413832700139593,7,0,0,1
1246,2022-03-01,KAZ,RUS,0.9147116648988922,28,9,5,0
1247,2022-03-01,KAZ,TKM,0.9334372689627999,10,0,0,0
1248,2022-03-01,KAZ,UKR,0.6133878920957485,25,9,4,2
1249,2022-03-01,KAZ,USA,0.2076619171939401,10,0,0,0
1250,2022-03-01,KEN,NGA,0.49570949092014727,54,3,0,0
1251,2022-03-01,KEN,NLD,1.8499999999999999,8,4,0,0
1252,2022-03-01,KEN,OMN,1.8499999999999999,8,4,0,0
1253,2022-03-01,PAK,KEN,-0.2735867760909844,4,0,0,1
1254,2022-03-01,POL,KEN,0.9129517348673204,2,2,0,0
1255,2022-03-01,ROU,KEN,1.6999999999999997,2,0,0,0
1256,2022-03-01,KEN,RUS,-2.021327178979389,0,0,4,4
1257,2022-03-01,KEN,RWA,1.6510500145100024,0,1,2,0
1258,2022-03-01,SOM,KEN,3.646933067049453,2,1,0,0
1259,2022-03-01,SVK,KEN,1.6999999999999997,2,0,0,0
1260,2022-03-01,KEN,SWE,-0.6327345890951238,0,0,2,0
1261,2022-03-01,KEN,TZA,3.675236451580146,4,2,0,0
1262,2022-03-01,KEN,UGA,4.651050014510003,3,0,0,0
1263,2022-03-01,KEN,UKR,-0.0906137348516315,5,5,5,3
1264,2022-03-01,KEN,USA,0.290865439203059,16,5,0,1
1265,2022-03-01,KGZ,RUS,0.7451091363896821,8,9,0,0
1266,2022-03-01,KGZ,SAU,2.0601499137610024,6,0,0,0
1267,2022-03-01,KGZ,TJK,0.3319811122429675,0,1,0,0
1268,2022-03-01,KGZ,TUR,1.7709827888308105,10,0,0,0
1269,2022-03-01,KGZ,UKR,-1.3367791590745692,6,0,0,12
1270,2022-03-01,KGZ,USA,-0.07194483984836625,0,0,0,2
1271,2022-03-01,KGZ,UZB,3.973228596302861,2,0,0,0
1272,2022-03-01,KHM,KOR,1.4086767567234344,5,3,0,0
1273,2022-03-01,KHM,LAO,0.021221268117299148,6,0,6,0
1274,2022-03-01,KHM,MYS,3.973228596302861,1,0,0,0
1275,2022-03-01,KHM,RUS,1.489960723613573,2,0,0,0
1276,2022-03-01,KHM,THA,1.081065985384407,2,4,0,0
1277,2022-03-01,KHM,TUR,1.2476632430836847,23,0,0,0
1278,2022-03-01,KHM,UKR,1.4999999999999998,2,0,0,0
1279,2022-03-01,KHM,USA,-1.9930872466618614,0,1,0,2
1280,2022-03-01,KHM,VNM,0.06966471370426194,4,0,0,0
1281,2022-03-01,KNA,TCD,0.5096434704114823,22,0,0,0
1282,2022-03-01,USA,KNA,1.6136485282199706,0,2,0,0
1283,2022-03-01,ZAF,KNA,0.14227761953270035,1,0,0,0
1284,2022-03-01,KOR,PHL,3.1999999999999997,0,2,0,0
1285,2022-03-01,KOR,PRK,-0.6519577165149949,11,1,1,4
1286,2022-03-01,RUS,KOR,-0.5647578999269699,22,9,24,25
1287,2022-03-01,KOR,SAU,0.7460118414634254,2,0,0,0
1288,2022-03-01,KOR,SEA,0.49165469158246705,9,0,0,0
1289,2022-03-01,UKR,KOR,1.737771558594772,17,12,0,0
1290,2022-03-01,KOR,USA,-0.45453129001295495,4,1,2,2
1291,2022-03-01,MEA,KWT,0.37173157109338517,4,0,0,0
1292,2022-03-01,KWT,RUS,0.0,3,0,0,0
1293,2022-03-01,KWT,SAU,0.0,1,0,0,0
1294,2022-03-01,KWT,TUN,2.6647357205042868,7,0,0,0
1295,2022-03-01,UKR,KWT,1.0587416718311828,2,0,2,0
1296,2022-03-01,KWT,USA,-1.2801621140650097,13,0,0,6
1297,2022-03-01,KWT,YEM,2.979921447227146,1,0,0,0
1298,2022-03-01,PHL,LAO,-0.035972419924183124,0,0,1,0
1299,2022-03-01,VNM,LAO,0.7801581771891913,0,3,0,0
1300,2022-03-01,LBN,PSE,2.116866350353714,6,0,0,0
1301,2022-03-01,LBN,RUS,-0.321214650057019,5,0,6,0
1302,2022-03-01,SAU,LBN,0.05894673798454404,3,0,2,0
1303,2022-03-01,LBN,SYR,-1.2450479699679515,4,0,2,1
1304,2022-03-01,TUR,LBN,0.08993104981045781,2,0,0,0
1305,2022-03-01,LBN,UKR,1.6787789468417849,0,3,0,0
1306,2022-03-01,USA,LBN,0.943399318755315,20,2,0,4
1307,2022-03-01,VAT,LBN,0.8122611067084086,0,3,0,0
1308,2022-03-01,NGA,LBY,1.6999999999999997,2,0,0,0
1309,2022-03-01,LBY,PSE,-5.0,0,0,0,2
1310,2022-03-01,RUS,LBY,-0.30429522726369546,3,0,8,0
1311,2022-03-01,SYR,LBY,-2.1999999999999997,0,0,2,0
1312,2022-03-01,TUR,LBY,-8.939764341681437,0,0,0,1
1313,2022-03-01,LBY,UKR,0.11145080196728194,4,0,0,0
1314,2022-03-01,LBY,USA,0.0,2,0,0,0
1315,2022-03-01,WST,LBY,-0.09485174635513358,0,0,1,0
1316,2022-03-01,LKA,MDV,-1.295465705047875,1,0,4,0
1317,2022-03-01,PAK,LKA,-9.933071490757152,0,0,0,1
1318,2022-03-01,LKA,RUS,-0.5113539990361253,0,0,3,0
1319,2022-03-01,SAU,LKA,2.9947100651247998,1,0,0,0
1320,2022-03-01,LKA,UKR,0.5424787394200552,9,8,0,1
1321,2022-03-01,LKA,USA,-0.28692763133208665,0,0,2,0
1322,2022-03-01,LKA,VAT,0.6320123402194884,2,0,0,0
1323,2022-03-01,LUX,LTU,-0.30000000000000004,0,1,0,1
1324,2022-03-01,LTU,LVA,-0.3861081618406498,12,0,4,4
1325,2022-03-01,LTU,NLD,-0.9999999999999999,0,2,0,0
1326,2022-03-01,LTU,POL,0.4014519492216399,5,0,6,0
1327,2022-03-01,LTU,ROU,1.316367294547562,4,0,0,0
1328,2022-03-01,LTU,RUS,-0.19018579257130383,24,8,1,15
1329,2022-03-01,UKR,LTU,0.834269132847895,55,10,0,5
1330,2022-03-01,LTU,USA,0.4576173255372724,13,2,0,2
1331,2022-03-01,WST,LTU,-0.8254015117499642,8,0,0,2
1332,2022-03-01,LUX,MLT,1.1012137666468513,6,0,0,0
1333,2022-03-01,LUX,PHL,0.16124796880372708,2,0,0,0
1334,2022-03-01,RUS,LUX,0.6633498780398979,3,0,0,0
1335,2022-03-01,LUX,UKR,2.710487708720514,11,1,0,0
1336,2022-03-01,LVA,MDA,1.9999999999999998,2,0,0,0
1337,2022-03-01,LVA,POL,0.30251313500063,9,0,4,0
1338,2022-03-01,LVA,RUS,-0.08061774676227491,16,2,14,12
1339,2022-03-01,SVK,LVA,-0.015045060842296685,3,0,0,0
1340,2022-03-01,LVA,SYR,-2.2,0,0,2,0
1341,2022-03-01,LVA,UKR,-0.694103952164073,20,1,2,24
1342,2022-03-01,USA,LVA,0.6407645933254001,13,4,3,2
1343,2022-03-01,WST,LVA,-0.839300868162677,11,0,0,4
1344,2022-03-01,MAC,RUS,0.08339829310174991,3,0,0,0
1345,2022-03-01,MAC,TWN,0.05216000889006553,6,0,0,0
1346,2022-03-01,MAC,UKR,-1.4621171572600098,0,0,1,0
1347,2022-03-01,MAR,NGA,0.13447071068499755,1,0,1,0
1348,2022-03-01,POL,MAR,0.6244492319803812,18,0,0,0
1349,2022-03-01,MAR,UKR,0.06955264566932794,10,1,0,5
1350,2022-03-01,MCO,RUS,-5.16519717519372,1,0,0,4
1351,2022-03-01,MCO,UKR,-4.05,0,0,1,1
1352,2022-03-01,MCO,USA,0.5598880721079468,5,1,0,0
1353,2022-03-01,MCO,ZAF,-1.6555119151261921,1,1,0,1
1354,2022-03-01,MDA,POL,-0.25126001921701835,12,0,0,9
1355,2022-03-01,QAT,MDA,3.2387520311962725,1,0,0,0
1356,2022-03-01,ROU,MDA,0.3814078879352191,32,1,0,6
1357,2022-03-01,MDA,RUS,-0.9978518316349223,11,0,7,10
1358,2022-03-01,MDA,SVK,-0.4541805476959709,28,0,0,10
1359,2022-03-01,SVN,MDA,0.6987842976081834,4,0,0,0
1360,2022-03-01,TUN,MDA,-0.47096718900841833,0,0,0,6
1361,2022-03-01,TUR,MDA,3.5,0,2,0,0
1362,2022-03-01,UKR,MDA,0.30206152951561593,66,22,0,18
1363,2022-03-01,MDA,USA,0.3446002040956954,9,3,0,0
1364,2022-03-01,VNM,MDA,-0.5510970860559389,0,0,0,8
1365,2022-03-01,WST,MDA,2.6894142136999513,0,1,0,0
1366,2022-03-01,MDV,MYS,-4.762870634112166,0,0,0,1
1367,2022-03-01,RUS,MDV,0.12667094471815482,6,0,3,2
1368,2022-03-01,MDV,UKR,-2.9312845529964453,2,0,1,3
1369,2022-03-01,USA,MDV,-0.14447859080049877,23,1,2,7
1370,2022-03-01,MEA,RUS,-0.39732285963028613,2,0,0,0
1371,2022-03-01,MEA,UKR,2.1950132151032116,4,0,0,0
1372,2022-03-01,NOR,MEX,0.0,4,0,0,0
1373,2022-03-01,POL,MEX,2.979921447227146,1,0,0,0
1374,2022-03-01,MEX,RUS,-1.8139907040868328,11,0,6,27
1375,2022-03-01,MEX,SAU,0.0835085809811047,5,1,0,0
1376,2022-03-01,MEX,SLV,-1.9866142981514305,0,0,1,0
1377,2022-03-01,MEX,UKR,1.3160061701097443,4,0,0,0
1378,2022-03-01,MEX,USA,0.4693949849567776,84,39,8,28
1379,2022-03-01,NER,MLI,3.1457415077899085,2,0,0,0
1380,2022-03-01,WAF,MLI,-0.09485174635513358,0,0,2,0
1381,2022-03-01,MLT,NZL,2.339387451616016,2,0,0,0
1382,2022-03-01,MLT,OMN,-0.18970349271026715,0,0,1,0
1383,2022-03-01,MLT,ROU,6.953150043530007,1,0,0,0
1384,2022-03-01,MLT,RUS,0.19174592182159828,13,4,6,4
1385,2022-03-01,MLT,SEA,0.39732285963028613,1,0,0,0
1386,2022-03-01,MLT,TUR,0.49999999999999994,4,0,0,0
1387,2022-03-01,MLT,UKR,0.948863165648171,15,9,0,4
1388,2022-03-01,MLT,VAT,0.6931405800968353,5,0,0,0
1389,2022-03-01,MMR,NLD,-0.5378828427399902,1,0,0,0
1390,2022-03-01,MMR,RUS,0.31423630772524674,6,0,1,0
1391,2022-03-01,SEA,MMR,-4.966535745378576,0,0,0,1
1392,2022-03-01,MMR,SRB,1.2420618988547607,0,4,0,0
1393,2022-03-01,MMR,THA,-1.1083121797227358,2,1,0,4
1394,2022-03-01,MMR,UKR,2.0,8,0,0,0
1395,2022-03-01,MMR,USA,-0.006528718314450154,5,1,0,1
1396,2022-03-01,MNG,RUS,0.4391412817234621,2,2,2,2
1397,2022-03-01,RWA,MOZ,-0.9999999999999999,0,0,2,0
1398,2022-03-01,SAF,MOZ,3.5723367513303055,1,3,0,1
1399,2022-03-01,MOZ,ZAF,-0.8354532312473459,0,1,2,5
1400,2022-03-01,MUS,USA,0.2845552390654007,0,1,0,0
1401,2022-03-01,MWI,NOR,2.334271800327931,2,0,0,0
1402,2022-03-01,MWI,RUS,-1.095984289445429,1,0,3,0
1403,2022-03-01,RWA,MWI,-0.9999999999999999,0,0,2,0
1404,2022-03-01,MWI,USA,1.6193760155981363,2,0,0,0
1405,2022-03-01,MWI,ZAF,1.990166518137964,0,1,0,0
1406,2022-03-01,MYS,NLD,0.5721982369598001,3,0,0,0
1407,2022-03-01,MYS,PHL,2.151531370959961,2,0,0,0
1408,2022-03-01,MYS,QAT,0.10367608979040074,10,0,0,0
1409,2022-03-01,MYS,RUS,-0.7348113147040516,13,2,9,14
1410,2022-03-01,MYS,SAU,1.4288611902336497,2,0,0,0
1411,2022-03-01,MYS,SEA,1.8461100900732244,10,4,1,0
1412,2022-03-01,MYS,SGP,0.05639608125412258,8,3,0,4
1413,2022-03-01,MYS,THA,2.0184237189171714,7,0,0,0
1414,2022-03-01,TUR,MYS,2.979921447227146,1,0,0,0
1415,2022-03-01,MYS,UKR,0.32295719679671187,9,3,0,2
1416,2022-03-01,USA,MYS,0.3552634141716022,19,6,1,2
1417,2022-03-01,PAN,NAM,0.13309795371947758,0,1,0,0
1418,2022-03-01,NAM,QAT,5.959842894454292,0,1,0,0
1419,2022-03-01,ZAF,NAM,2.0,1,0,0,0
1420,2022-03-01,NER,NGA,1.4324330632117277,10,0,0,0
1421,2022-03-01,NLD,NGA,0.0,2,0,0,0
1422,2022-03-01,NGA,NOR,0.08062398440186354,2,0,0,0
1423,2022-03-01,POL,NGA,-0.3314133029344797,39,2,18,12
1424,2022-03-01,NGA,QAT,0.01264689951401781,3,0,0,0
1425,2022-03-01,NGA,ROU,0.08165675371490215,17,0,0,4
1426,2022-03-01,NGA,RUS,-0.061310097475388924,17,4,4,4
1427,2022-03-01,NGA,SAU,0.4768116880884703,4,0,0,0
1428,2022-03-01,NGA,TGO,0.1758653875391408,3,0,0,0
1429,2022-03-01,NGA,TUR,1.9312550355489164,8,0,0,0
1430,2022-03-01,NGA,UGA,-1.9051482536448663,0,0,1,0
1431,2022-03-01,NGA,UKR,0.25354787066290224,61,23,16,23
1432,2022-03-01,NGA,USA,0.46609752355784706,4,2,0,2
1433,2022-03-01,WAF,NGA,-0.23840584404423515,0,0,1,0
1434,2022-03-01,NGA,ZAF,0.11920292202211757,2,0,0,0
1435,2022-03-01,NIC,RUS,0.36214937162149213,15,2,2,0
1436,2022-03-01,NIC,UKR,0.2719620520888848,7,0,0,2
1437,2022-03-01,USA,NIC,0.24021761738089908,7,0,5,0
1438,2022-03-01,NIC,WST,-1.0,0,0,2,0
1439,2022-03-01,NLD,NOR,0.6165265422388322,0,2,0,0
1440,2022-03-01,RUS,NLD,0.2943851908004771,13,10,9,4
1441,2022-03-01,NLD,RWA,0.3827658434675418,0,3,0,0
1442,2022-03-01,NLD,SEN,1.1749999999999998,2,0,0,0
1443,2022-03-01,TUN,NLD,7.350472903160293,0,1,0,0
1444,2022-03-01,NLD,UKR,-0.056416378574822,10,5,3,12
1445,2022-03-01,NLD,USA,0.1169474518656079,32,2,1,2
1446,2022-03-01,VNM,NLD,0.8209096799238311,0,3,2,0
1447,2022-03-01,NLD,ZWE,0.3794069854205343,2,0,0,0
1448,2022-03-01,NMR,RUS,-0.07637534790178699,4,0,2,2
1449,2022-03-01,SEA,NMR,0.0,1,0,0,0
1450,2022-03-01,NMR,UKR,0.06115311387111131,1,0,0,0
1451,2022-03-01,USA,NMR,0.20136197322980295,53,6,10,5
1452,2022-03-01,NOR,POL,2.7421967386744077,20,0,0,0
1453,2022-03-01,NOR,PRT,2.2024275332937027,6,0,0,0
1454,2022-03-01,NOR,ROU,0.18970349271026715,1,0,0,0
1455,2022-03-01,NOR,RUS,1.0353454936382538,7,22,2,15
1456,2022-03-01,SAU,NOR,2.2461526875097944,0,5,0,0
1457,2022-03-01,NOR,SDN,0.3371399668152018,4,0,0,0
1458,2022-03-01,NOR,SYR,1.3657203371409663,6,0,0,0
1459,2022-03-01,UKR,NOR,-0.4611734195614751,10,0,1,4
1460,2022-03-01,NOR,USA,0.30195203007517507,24,2,1,1
1461,2022-03-01,WST,NOR,1.61638821928231,11,1,0,0
1462,2022-03-01,NPL,RUS,0.680022318233564,7,0,0,0
1463,2022-03-01,NPL,SAS,2.334271800327931,2,0,0,0
1464,2022-03-01,NPL,USA,0.06750787025338581,11,0,5,0
1465,2022-03-01,POL,NZL,1.4990751320045894,2,2,0,0
1466,2022-03-01,NZL,PRK,-0.9999999999999999,0,0,2,0
1467,2022-03-01,NZL,RUS,-1.1442076637303886,5,8,18,21
1468,2022-03-01,NZL,UKR,0.7664070824658104,16,1,1,0
1469,2022-03-01,USA,NZL,0.6718677390475387,27,1,3,2
1470,2022-03-01,OMN,QAT,2.069873133248023,2,0,0,0
1471,2022-03-01,OMN,SAU,5.4631893199164345,4,0,0,0
1472,2022-03-01,PAK,POL,0.45388646542511524,23,4,0,0
1473,2022-03-01,QAT,PAK,4.408782637460796,1,1,0,0
1474,2022-03-01,PAK,ROU,0.17547150116149243,11,0,0,2
1475,2022-03-01,PAK,RUS,0.27320248692826704,24,0,3,3
1476,2022-03-01,SAS,PAK,-0.0923913980827957,0,0,1,1
1477,2022-03-01,SAU,PAK,0.3545035865493009,6,3,0,3
1478,2022-03-01,PAK,TKM,0.7173190783302167,0,2,0,0
1479,2022-03-01,PAK,TUR,0.23712936588783395,0,1,0,0
1480,2022-03-01,PAK,UKR,0.25394355876602137,34,4,7,5
1481,2022-03-01,PAK,USA,1.3465651137368533,4,3,1,0
1482,2022-03-01,PAK,UZB,0.4963835468456048,32,2,0,0
1483,2022-03-01,PAN,RUS,-6.45649646899215,0,0,1,0
1484,2022-03-01,PAN,USA,0.7010810451672222,5,2,0,0
1485,2022-03-01,PHL,PER,-0.5747046974235034,0,0,0,3
1486,2022-03-01,RUS,PER,0.33104072948544155,0,3,0,0
1487,2022-03-01,PER,UKR,-0.6861863793332655,0,0,3,0
1488,2022-03-01,PER,USA,0.49009624769812915,16,2,1,1
1489,2022-03-01,PER,VEN,-3.382382322323167,0,0,2,0
1490,2022-03-01,VNM,PER,3.2,0,1,0,0
1491,2022-03-01,PGS,USA,0.04742587317756679,2,0,0,0
1492,2022-03-01,PHL,POL,0.2787177074433758,0,1,1,2
1493,2022-03-01,PHL,PRY,-4.762870634112166,0,0,0,1
1494,2022-03-01,PHL,RUS,-0.23019062263174978,12,0,16,3
1495,2022-03-01,PHL,SEA,2.392143555071281,9,2,0,0
1496,2022-03-01,PHL,SWE,0.019784830958300716,10,0,0,0
1497,2022-03-01,PHL,TCD,-0.17986209962091562,0,0,0,1
1498,2022-03-01,PHL,THA,0.11145080196728194,4,0,0,0
1499,2022-03-01,PHL,UKR,0.20279773396853426,54,3,7,13
1500,2022-03-01,USA,PHL,1.2435669761750971,20,6,1,0
1501,2022-03-01,PHL,VEN,0.23712936588783395,0,1,0,0
1502,2022-03-01,PHL,VNM,-0.09485174635513358,0,0,2,0
1503,2022-03-01,QAT,POL,0.0,1,0,0,0
1504,2022-03-01,ROU,POL,0.50490487191631,50,17,0,14
1505,2022-03-01,RUS,POL,0.09127009494789792,121,29,36,29
1506,2022-03-01,SEN,POL,-2.074173470636425,0,0,0,4
1507,2022-03-01,POL,SVK,0.013783935625580099,8,6,0,10
1508,2022-03-01,POL,SWE,0.0,1,0,0,0
1509,2022-03-01,POL,THA,1.5875,4,0,0,0
1510,2022-03-01,POL,TUR,-1.5468173529984055,0,1,0,1
1511,2022-03-01,TWN,POL,1.0238154422703594,3,5,0,0
1512,2022-03-01,POL,UKR,0.33995702019163127,546,144,50,107
1513,2022-03-01,POL,USA,0.18578889656438327,71,12,10,13
1514,2022-03-01,WST,POL,1.0354911336367543,86,1,0,2
1515,2022-03-01,ZWE,POL,-0.4768116880884703,0,0,0,1
1516,2022-03-01,RUS,PRK,4.1812600174120025,3,2,0,0
1517,2022-03-01,UKR,PRK,-0.5729983266089993,2,0,9,0
1518,2022-03-01,USA,PRK,-0.3366528073367102,8,3,17,0
1519,2022-03-01,PRK,VEN,0.6165265422388322,0,2,0,0
1520,2022-03-01,PRT,RUS,0.9492386867821906,5,2,1,0
1521,2022-03-01,PRT,SDN,-0.29242343145200195,1,0,0,0
1522,2022-03-01,PRT,SRB,2.2024275332937027,6,0,0,0
1523,2022-03-01,PRT,UKR,-1.0176342516054744,3,1,6,0
1524,2022-03-01,PRT,URY,-0.4742587317756679,0,0,0,1
1525,2022-03-01,PRT,USA,1.2183996191656876,7,0,0,0
1526,2022-03-01,PRT,WST,2.5,0,2,0,0
1527,2022-03-01,PSE,QAT,0.0,1,0,0,0
1528,2022-03-01,RUS,PSE,-0.5428988096131281,3,0,2,2
1529,2022-03-01,PSE,SAU,-1.5818364727378096,0,0,0,2
1530,2022-03-01,PSE,SYR,-0.6761247968803727,8,0,0,2
1531,2022-03-01,PSE,UKR,-0.1880632605287086,2,0,2,2
1532,2022-03-01,PSE,USA,0.23711403880463275,7,0,0,2
1533,2022-03-01,PSE,VAT,1.5071944839848366,8,2,0,0
1534,2022-03-01,YEM,PSE,-2.6098276825883566,0,0,0,5
1535,2022-03-01,PSE,ZAF,-1.3447071068499756,0,0,0,1
1536,2022-03-01,QAT,RUS,0.9073827284799477,18,0,1,0
1537,2022-03-01,QAT,SAU,0.044965524905228905,4,0,0,0
1538,2022-03-01,QAT,SYR,0.4616682189065917,11,2,0,0
1539,2022-03-01,QAT,TUR,2.069873133248023,2,0,0,0
1540,2022-03-01,QAT,UKR,1.7836874450928628,15,3,0,1
1541,2022-03-01,QAT,USA,0.11039555055702507,15,2,1,0
1542,2022-03-01,WST,QAT,0.020690045592840094,3,0,0,0
1543,2022-03-01,RUS,ROU,0.09961068608275643,25,1,3,2
1544,2022-03-01,ROU,SVK,-0.4462591718246646,17,0,0,9
1545,2022-03-01,ROU,THA,0.26452321237949894,8,0,0,0
1546,2022-03-01,TUN,ROU,2.035972419924183,0,3,0,0
1547,2022-03-01,ROU,TUR,0.8589938298902557,4,0,0,0
1548,2022-03-01,ROU,UKR,0.8130276042952336,118,50,5,24
1549,2022-03-01,ROU,USA,0.06869652541260773,6,9,0,3
1550,2022-03-01,WST,ROU,-1.7345879168603415,2,0,0,2
1551,2022-03-01,ROU,ZAF,0.04226759341091517,4,0,0,0
1552,2022-03-01,SAS,RUS,2.0,2,0,0,0
1553,2022-03-01,RUS,SAU,1.068766757650042,29,0,2,0
1554,2022-03-01,RUS,SDN,0.6438922624198026,18,0,4,0
1555,2022-03-01,SEA,RUS,-1.0084562279672054,5,0,4,1
1556,2022-03-01,SGP,RUS,-1.2709320923107958,9,2,23,16
1557,2022-03-01,RUS,SOM,0.0,2,0,0,0
1558,2022-03-01,RUS,SRB,-0.2776283498176393,8,0,4,7
1559,2022-03-01,RUS,SVK,0.21832740543249518,12,3,6,8
1560,2022-03-01,RUS,SVN,-0.035972419924183124,0,0,1,0
1561,2022-03-01,SWE,RUS,0.2561746011126976,22,7,3,13
1562,2022-03-01,RUS,SYR,-0.6827351452437904,44,13,34,26
1563,2022-03-01,RUS,THA,0.8104637680481095,21,1,0,1
1564,2022-03-01,TJK,RUS,1.3703259244338366,0,7,0,0
1565,2022-03-01,TKM,RUS,0.8615136644691546,11,0,0,0
1566,2022-03-01,TUR,RUS,0.07144529516298721,141,16,26,27
1567,2022-03-01,TWN,RUS,-0.4250746962604914,41,5,46,14
1568,2022-03-01,TZA,RUS,0.0,3,0,0,0
1569,2022-03-01,UGA,RUS,0.34979286302774865,4,0,2,0
1570,2022-03-01,RUS,UKR,-0.3368948481204315,2578,590,1318,1589
1571,2022-03-01,USA,RUS,0.10438929858831543,1208,386,559,492
1572,2022-03-01,UZB,RUS,0.6160969016326602,1,3,0,4
1573,2022-03-01,RUS,VAT,0.3407707382836282,23,0,0,0
1574,2022-03-01,VEN,RUS,0.290678593126556,17,7,3,4
1575,2022-03-01,RUS,VNM,0.06471850596468676,12,0,4,0
1576,2022-03-01,RUS,WAF,-0.6788676455704453,2,0,1,0
1577,2022-03-01,RUS,WST,-0.18934631925469245,130,18,76,35
1578,2022-03-01,ZAF,RUS,0.26952925197947747,9,0,2,0
1579,2022-03-01,ZWE,RUS,-3.201228966269492,0,2,1,4
1580,2022-03-01,SAF,RWA,3.973228596302861,1,0,0,0
1581,2022-03-01,RWA,TZA,-0.9999999999999999,0,0,2,0
1582,2022-03-01,RWA,UGA,-0.9999999999999999,0,0,2,0
1583,2022-03-01,RWA,USA,-1.3213425266919387,0,0,3,0
1584,2022-03-01,SAF,SYC,1.6999999999999997,2,0,0,0
1585,2022-03-01,SAF,TZA,1.0499581233005617,4,0,0,0
1586,2022-03-01,SAS,UKR,6.953150043530007,2,0,0,0
1587,2022-03-01,SAU,SEN,0.027799431033916636,3,0,0,0
1588,2022-03-01,SAU,THA,1.8203168175314612,9,3,0,2
1589,2022-03-01,SAU,UGA,-0.24522848478121173,2,0,2,0
1590,2022-03-01,SAU,UKR,3.2085216553916416,4,0,0,0
1591,2022-03-01,SAU,USA,0.34577283268965053,19,3,0,9
1592,2022-03-01,SAU,VAT,0.11145080196728194,2,0,0,0
1593,2022-03-01,YEM,SAU,-0.4606020546101833,7,1,0,3
1594,2022-03-01,SWE,SDN,0.23900346791492963,0,2,1,0
1595,2022-03-01,SDN,UGA,0.4279544767928047,18,0,2,0
1596,2022-03-01,SDN,UKR,0.5572559845377243,11,0,0,0
1597,2022-03-01,SDN,USA,2.979921447227146,1,0,0,0
1598,2022-03-01,SEA,SGP,1.2742328425052505,0,1,1,2
1599,2022-03-01,SEA,TMP,-0.5378828427399902,0,0,2,0
1600,2022-03-01,TUR,SEA,0.10757656854799805,1,0,0,0
1601,2022-03-01,SEA,TWN,1.1749999999999998,4,0,0,0
1602,2022-03-01,SEA,UKR,0.05697256857187031,7,0,2,3
1603,2022-03-01,SEA,USA,0.8088215274895262,22,2,0,0
1604,2022-03-01,SEN,TCD,-2.5,0,0,1,0
1605,2022-03-01,SEN,USA,0.06361064494169655,3,0,0,0
1606,2022-03-01,SGP,THA,1.2869276313320865,4,0,0,0
1607,2022-03-01,SGP,UKR,1.6663499558833534,4,4,0,0
1608,2022-03-01,USA,SGP,0.522779442501884,19,3,1,0
1609,2022-03-01,SGP,VNM,0.9741742707735824,10,0,0,0
1610,2022-03-01,USA,SLB,6.165579545845176,1,0,0,0
1611,2022-03-01,SLE,UGA,-0.10345022796420046,0,0,6,0
1612,2022-03-01,USA,SLE,0.3048002775526611,3,0,0,0
1613,2022-03-01,SLV,TWN,0.6469630879050251,6,0,0,0
1614,2022-03-01,SLV,USA,-0.1672116932875532,10,0,0,8
1615,2022-03-01,SYR,SOM,0.0,2,0,0,0
1616,2022-03-01,SOM,UGA,0.3580943193217836,18,0,0,0
1617,2022-03-01,SOM,UKR,-0.797339089474472,2,0,1,1
1618,2022-03-01,SOM,USA,-0.25105141280028315,5,0,0,4
1619,2022-03-01,SRB,TUR,0.43076834537747716,6,0,0,0
1620,2022-03-01,SRB,UKR,0.25863684623434774,7,0,2,1
1621,2022-03-01,WST,SRB,-0.05395862988627469,0,0,4,0
1622,2022-03-01,SVK,UKR,0.6103916586256628,54,18,0,7
1623,2022-03-01,SVK,USA,-0.20327121408256796,2,0,5,0
1624,2022-03-01,WST,SVK,-2.4203161378219678,6,0,0,2
1625,2022-03-01,SVN,UKR,1.991969491579165,12,1,0,0
1626,2022-03-01,SVN,USA,0.16124796880372708,1,0,0,0
1627,2022-03-01,SYR,SWE,7.350472903160293,0,1,0,0
1628,2022-03-01,SWE,UKR,0.715133102765724,26,8,1,1
1629,2022-03-01,SWE,USA,-0.598661017804028,5,4,2,1
1630,2022-03-01,SWE,WST,1.8499999999999999,4,0,0,0
1631,2022-03-01,SWZ,YEM,-2.420472792329956,0,0,0,1
1632,2022-03-01,SYC,UKR,0.0,2,0,0,0
1633,2022-03-01,SYC,ZAF,0.0,3,0,0,0
1634,2022-03-01,SYR,TUR,-0.7931076313518581,0,0,4,3
1635,2022-03-01,SYR,UKR,-0.3789060443633526,20,0,3,5
1636,2022-03-01,SYR,USA,-1.1547013135417037,2,2,5,10
1637,2022-03-01,SYR,VEN,-0.035972419924183124,0,0,4,0
1638,2022-03-01,SYR,WST,-2.0462111295189294,2,0,0,2
1639,2022-03-01,SYR,YEM,-2.7530344166171283,0,0,0,3
1640,2022-03-01,SYR,ZWE,-0.5738552626641733,0,0,2,0
1641,2022-03-01,TCD,USA,-0.05447636043413181,6,2,1,6
1642,2022-03-01,TGO,UKR,-1.9866142981514305,0,0,1,0
1643,2022-03-01,UKR,THA,-0.13347040580588507,14,3,1,11
1644,2022-03-01,USA,THA,-0.06234942171089323,4,0,0,2
1645,2022-03-01,TJK,UKR,2.0971610051932723,6,0,0,0
1646,2022-03-01,TKM,TUR,1.2847581641536736,7,0,0,0
1647,2022-03-01,USA,TKM,4.2523885846948595,0,3,0,0
1648,2022-03-01,UKR,TON,3.5,0,2,0,0
1649,2022-03-01,TTO,USA,-0.5081897354902971,0,0,0,3
1650,2022-03-01,TUN,UKR,-0.45813024115188444,2,0,0,9
1651,2022-03-01,USA,TUN,0.3762891984525988,4,0,1,0
1652,2022-03-01,VEN,TUN,0.018970349271026716,1,0,0,0
1653,2022-03-01,TUR,UKR,0.6097818381667423,117,22,11,5
1654,2022-03-01,TUR,USA,0.26696070374496556,33,0,0,0
1655,2022-03-01,WST,TUR,0.08848896713063065,14,2,0,2
1656,2022-03-01,TUR,ZAF,-0.08993104981045781,0,0,1,0
1657,2022-03-01,TWN,UKR,0.777303413184901,53,12,5,16
1658,2022-03-01,TWN,USA,0.8524113983968394,116,11,7,4
1659,2022-03-01,TWN,VCT,1.1269110478130802,5,0,0,0
1660,2022-03-01,TZA,UKR,0.7173102534523124,15,6,0,5
1661,2022-03-01,USA,TZA,0.880971013317481,3,3,0,0
1662,2022-03-01,UGA,UKR,2.466666666666667,1,2,0,0
1663,2022-03-01,USA,UGA,0.0023679046630313096,1,1,0,4
1664,2022-03-01,UKR,USA,0.38199085785371145,1275,292,205,192
1665,2022-03-01,UZB,UKR,-0.5125485901536014,3,2,0,6
1666,2022-03-01,VAT,UKR,0.6005764477630098,14,0,1,0
1667,2022-03-01,UKR,VEN,0.20170606602749633,4,0,0,0
1668,2022-03-01,VNM,UKR,0.5311892385164505,2,2,0,0
1669,2022-03-01,WAF,UKR,-1.9866142981514305,0,0,1,0
1670,2022-03-01,UKR,WST,0.5014601938150077,145,41,49,35
1671,2022-03-01,UKR,YEM,0.0506561758304489,8,0,0,0
1672,2022-03-01,UKR,ZAF,-0.47127320841856474,5,3,2,5
1673,2022-03-01,USA,UZB,3.44346478346248,3,0,0,0
1674,2022-03-01,USA,VCT,2.691921895159993,6,0,0,0
1675,2022-03-01,VEN,USA,-0.26239695540838787,10,0,10,4
1676,2022-03-01,USA,VNM,-0.5001267293845152,4,2,5,8
1677,2022-03-01,WST,USA,0.25697944787882127,72,12,27,13
1678,2022-03-01,USA,YEM,0.17623365990371742,3,3,0,0
1679,2022-03-01,USA,ZAF,-2.054388967969673,2,0,0,3
1680,2022-03-01,ZWE,USA,1.2620137900379085,2,2,0,1
1681,2022-03-01,VEN,WST,-1.0213991777481952,2,0,10,1
1682,2022-03-01,WST,VNM,0.04226759341091517,4,0,0,0
